,SearchNames
0,AU=AYDIN AYDIN
1,AU=GILGIL ERDAL
2,AU=HALAC METIN
3,AU=YUCE ABDULHAKIM
4,AU=KIRIS ABDULKADIR
5,AU=KUCUKBAYRAK ABDULKADIR
6,AU=YILDIRIM ABDULKADIR
7,AU=CEKIN ABDULKADIR
8,AU=SENGUN ABDULKADIR
9,AU=BEDIR ABDULKERIM
10,AU=AKPINAR ABDULLAH
11,AU=BAL ABDULLAH
12,AU=SENGUL ABDULLAH
13,AU=DEMIR ABDULLAH
14,AU=DOGAN ABDULLAH
15,AU=EKIZER ABDULLAH
16,AU=ERDIL ABDULLAH
17,AU=ERGIN ABDULLAH
18,AU=SECKIN ABDULLAH
19,AU=KIRAN ABDULLAH
20,AU=USTUN ABDULLAH
21,AU=CINGU ABDULLAH
22,AU=AKSOY ABDULLAH
23,AU=TUNCER ABDULLAH
24,AU=MUTLU ABDULLAH
25,AU=KILDAN ABDULLAH
26,AU=POS ABDULLAH
27,AU=SONMEZ ABDULLAH
28,AU=URAL ABDULLAH
29,AU=YORDEM ABDULLAH
30,AU=TARIKULU ABDULLAH
31,AU=CIM ABDULLAH
32,AU=INALCIK ABDULLAH
33,AU=ASLAN ABDULSELAM
34,AU=GOK ABDULVAHAP
35,AU=OZTURK ABDURAHMAN
36,AU=ABAKAY ABDURRAHMAN
37,AU=DALGIC ABDURRAHMAN
38,AU=ELMALI ABDURRAHMAN
39,AU=GENC ABDURRAHMAN
40,AU=KADAYIFCI ABDURRAHMAN
41,AU=KUZHAN ABDURRAHMAN
42,AU=KIREMITCI ABDURRAHMAN
43,AU=BODUR ABDURRAHMAN
44,AU=SAHIN ABDURRAHMAN
45,AU=ELDEMIR ABDURRAHIM
46,AU=EMHAN ABDURRAHIM
47,AU=GOZEN ABDURRAHIM
48,AU=AKTAS ABDURRAZZAK
49,AU=BOLUKBASI ABDURREHIM
50,AU=BOREKCI ABDURREZZAK
51,AU=OZSEVIK ABDUL
52,AU=UGU ABDULHADI
53,AU=OZDENIZ ABDULHADI
54,AU=ISIK ABDULKADIR
55,AU=KOCER ABDULKADIR
56,AU=OZTURK ABDULKADIR
57,AU=KARSLI ABDURRAHIM
58,AU=ARTIS ABDUSSELAM
59,AU=DEMIR ADALET
60,AU=BEKLER ADEM
61,AU=EREN ADEM
62,AU=ERKUT ADEM
63,AU=GUL ADEM
64,AU=GUNGOR ADEM
65,AU=ISIK ADEM
66,AU=KARA ADEM
67,AU=KARACA ADEM
68,AU=KARATAS ADEM
69,AU=KORUKCU ADEM
70,AU=KUSGOZ ADEM
71,AU=SOLAK ADEM
72,AU=TOK ADEM
73,AU=TOPKARA ADEM
74,AU=OCAL ADEM
75,AU=OZKAN ADEM
76,AU=OGUT ADEM
77,AU=UN ADEM
78,AU=AKSOY ADNAN
79,AU=ASLAN ADNAN
80,AU=BARUT ADNAN
81,AU=CEYLAN ADNAN
82,AU=DOGAN ADNAN
83,AU=GUL ADNAN
84,AU=GURBUZ ADNAN
85,AU=KARADUZ ADNAN
86,AU=PARLAK ADNAN
87,AU=YAVUZ ADNAN
88,AU=CINAL ADNAN
89,AU=OZYILMAZ ADNAN
90,AU=BUCAKTEPE ADIL
91,AU=KARADAG ADIL
92,AU=KILIC ADIL
93,AU=OKSUZ ADIL
94,AU=DENK AFFAN
95,AU=KARAVELIOGLU AFKA
96,AU=EKINCI AFRA
97,AU=GUMUSCU AHHMET
98,AU=AGIR AHME
99,AU=AYAC AHME
100,AU=TANRIKULU AHMED
101,AU=TEKINAY AHMET
102,AU=AFYON AHMET
103,AU=AKBAS AHMET
104,AU=AKTURK AHMET
105,AU=AKCAY AHMET
106,AU=ALTINTAS AHMET
107,AU=SANCAKTUTAR AHMET
108,AU=ATLI AHMET
109,AU=AYPAY AHMET
110,AU=BAL AHMET
111,AU=BAYLAR AHMET
112,AU=BAYRAKTAR AHMET
113,AU=BAYTAK AHMET
114,AU=BEDIR AHMET
115,AU=BEKIR AHMET
116,AU=BESKAYA AHMET
117,AU=BIYIK AHMET
118,AU=BOYACI AHMET
119,AU=BULUT AHMET
120,AU=TURHAN AHMET
121,AU=SENGUL AHMET
122,AU=DURAK AHMET
123,AU=YENIDUNYA AHMET
124,AU=DAGDAS AHMET
125,AU=DEMIR AHMET
126,AU=DEMIRER AHMET
127,AU=AYSEV AHMET
128,AU=DURAN AHMET
129,AU=DUVAN AHMET
130,AU=DILEK AHMET
131,AU=DIRIER AHMET
132,AU=MUFTUOGLU AHMET
133,AU=EKMEKYAPAR AHMET
134,AU=SEKERCI AHMET
135,AU=ERDINC AHMET
136,AU=EROL AHMET
137,AU=EYIBILEN AHMET
138,AU=KILIC AHMET
139,AU=YUCEL AHMET
140,AU=GAYRETLI AHMET
141,AU=GOKGOZ AHMET
142,AU=GOKCIMEN AHMET
143,AU=GUNER AHMET
144,AU=GUNES AHMET
145,AU=GUREL AHMET
146,AU=GUZEL AHMET
147,AU=ERTAS AHMET
148,AU=KOSE AHMET
149,AU=EROGLU AHMET
150,AU=KAHRAMAN AHMET
151,AU=KARAASLAN AHMET
152,AU=KARADAG AHMET
153,AU=KARATAS AHMET
154,AU=KAYA AHMET
155,AU=GULTEKIN AHMET
156,AU=KESKIN AHMET
157,AU=KILIC AHMET
158,AU=KUNDURACIOGLU AHMET
159,AU=KIZIRGIL AHMET
160,AU=UGUR AHMET
161,AU=MENKU AHMET
162,AU=ONAT AHMET
163,AU=AYTEKIN AHMET
164,AU=PIINAR AHMET
165,AU=GUNES AHMET
166,AU=NACAR AHMET
167,AU=SIRKECIOGLU AHMET
168,AU=OZCIVAN AHMET
169,AU=OKUMUS AHMET
170,AU=CELIK AHMET
171,AU=PASINLI AHMET
172,AU=PEKCAN AHMET
173,AU=YAYLA AHMET
174,AU=DIZKIRICI AHMET
175,AU=SONGUR AHMET
176,AU=SOYSAL AHMET
177,AU=SURUCU AHMET
178,AU=TEMIZ AHMET
179,AU=TEMIZYUREK AHMET
180,AU=ULUS AHMET
181,AU=OZCERIT AHMET
182,AU=TUTOGLU AHMET
183,AU=ULUDAG AHMET
184,AU=UYSAL AHMET
185,AU=UCAR AHMET
186,AU=UCAR AHMET
187,AU=VAR AHMET
188,AU=VURAL AHMET
189,AU=GUNGOR AHMET
190,AU=YESILDAG AHMET
191,AU=YILDIRIM AHMET
192,AU=ATA AHMET
193,AU=YULAFCI AHMET
194,AU=YUMUSAK AHMET
195,AU=YONEM AHMET
196,AU=CALISKAN AHMET
197,AU=CAVDAR AHMET
198,AU=CELIK AHMET
199,AU=CAN AHMET
200,AU=CETINKAYA AHMET
201,AU=CINKAYA AHMET
202,AU=CINI AHMET
203,AU=OKSUZ AHMET
204,AU=ORNEK AHMET
205,AU=OZ AHMET
206,AU=OZ AHMET
207,AU=OZCAN AHMET
208,AU=AKTAN AHMET
209,AU=OZER AHMET
210,AU=OGRETEN AHMET
211,AU=DUNDAR AHMET
212,AU=ISLEYEN AHMET
213,AU=SAHBAZ AHMET
214,AU=SAHIN AHMET
215,AU=SAHIN AHMET
216,AU=KABLAMACI AHSEN
217,AU=KAHVECI AJDA
218,AU=KARAKUS AKAN
219,AU=ALSARAN AKGUN
220,AU=AYDOGAN AKIN
221,AU=ATAGUN AKIN
222,AU=PALA AKIN
223,AU=CELIK AKIN
224,AU=ONDER AKIN
225,AU=ACAY AKIF
226,AU=ARSLAN AKIF
227,AU=KARATEPE AKIF
228,AU=KOC AKIF
229,AU=KUTLU AKIF
230,AU=RENCBER AKIF
231,AU=SIRIKCI AKIF
232,AU=AKTAS ALAATTIN
233,AU=DIKMEN ALAATTIN
234,AU=KAYA ALAATTIN
235,AU=ERTEKIN ALAATTIN
236,AU=ILGEN ALDULKADIR
237,AU=BAYRAKTAR ALEMDAR
238,AU=KOYUTURK ALP
239,AU=BIRDANE ALPARSLAN
240,AU=SAHIN ALPARSLAN
241,AU=GORMUS ALPARSLAN
242,AU=KILICARSLAN ALPASLAN
243,AU=ERSOZLU ALPAY
244,AU=HAKTANIR ALPAY
245,AU=NACAR ALPER
246,AU=CAN ALPER
247,AU=KARAHAN ALPER
248,AU=KETEN ALPER
249,AU=KUCUKDURMAZ ALPER
250,AU=SEVINC ALPER
251,AU=AKARSUBASI ALPER
252,AU=YAZICI ALPER
253,AU=YIGIT ALPER
254,AU=CETIN ALTAN
255,AU=ACILAR ALI
256,AU=ALKAN ALI
257,AU=ANNAGUR ALI
258,AU=ARASOGLU ALI
259,AU=ARSLAN ALI
260,AU=BAL ALI
261,AU=ASLANTAS ALI
262,AU=AYDIN ALI
263,AU=YAVUZ ALI
264,AU=AYTEKIN ALI
265,AU=BAY ALI
266,AU=BAYRAM ALI
267,AU=BEKTAS ALI
268,AU=KURT ALI
269,AU=AVCI ALI
270,AU=BORA ALI
271,AU=BUDAK ALI
272,AU=CAN ALI
273,AU=CAN ALI
274,AU=EREN ALI
275,AU=CETIN ALI
276,AU=DELICE ALI
277,AU=DURSUN ALI
278,AU=DOGAN ALI
279,AU=MUFTUOGLU ALI
280,AU=EKIN ALI
281,AU=ELEREN ALI
282,AU=ERAYMAN ALI
283,AU=ERGUN ALI
284,AU=ALAC ALI
285,AU=ERZURUMLUOGLU ALI
286,AU=DOGAN ALI
287,AU=FILIZ ALI
288,AU=ONAL ALI
289,AU=GURBUZ ALI
290,AU=GUVERCIN ALI
291,AU=KARADENIZ ALI
292,AU=KARAKUS ALI
293,AU=KARATAY ALI
294,AU=KARAISA ALI
295,AU=UZUNLAR ALI
296,AU=KESKIN ALI
297,AU=KORKUT ALI
298,AU=KOZAN ALI
299,AU=KOCYIGIT ALI
300,AU=KURSUN ALI
301,AU=AKTAN ALI
302,AU=CEYHAN ALI
303,AU=KALENDER ALI
304,AU=SUNBUL ALI
305,AU=TANKUT ALI
306,AU=OKUYUCU ALI
307,AU=SOLAK ALI
308,AU=SOLMAZ ALI
309,AU=ONCEL ALI
310,AU=AKTAS ALI
311,AU=ARSLAN ALI
312,AU=ERDEM ALI
313,AU=ERDEM ALI
314,AU=SEVER ALI
315,AU=SEYDI ALI
316,AU=TARAKCILAR ALI
317,AU=COBAN ALI
318,AU=OZDEMIR ALI
319,AU=SEKERCI ALI
320,AU=SALLI ALI
321,AU=KIVRAK ALI
322,AU=TEKIN ALI
323,AU=SEYYAR ALI
324,AU=SICAK ALI
325,AU=GUMUS ALI
326,AU=TURKAN ALI
327,AU=UZER ALI
328,AU=YALCIN ALI
329,AU=YAVUZ ALI
330,AU=YILDIRIM ALI
331,AU=YILDIZ ALI
332,AU=CALISKAN ALI
333,AU=DENIZ ALI
334,AU=CELIK ALI
335,AU=CELIKSOZ ALI
336,AU=CETINKAYA ALI
337,AU=COLAK ALI
338,AU=COSKUN ALI
339,AU=OZCAN ALI
340,AU=OZEL ALI
341,AU=YENER ALI
342,AU=BOZKURT ALI
343,AU=KAYTAZ ALI
344,AU=NESLITURK ALI
345,AU=GUL ALI
346,AU=ISKURT ALI
347,AU=SAHIN ALI
348,AU=SENOL ALI
349,AU=KAPTI ALICAN
350,AU=AYDIN ALIHAN
351,AU=ERDEM ALIM
352,AU=GUR ALIM
353,AU=GUNES ALIME
354,AU=KIYAK ALIYE
355,AU=OZENOGLU ALIYE
356,AU=KAYACIER AMED
357,AU=CAMAS ANIL
358,AU=YONDEN ARZU
359,AU=YALCIN ARZU
360,AU=AKGUL ARIF
361,AU=DANE ARIF
362,AU=DAGLI ARIF
363,AU=DURAN ARIF
364,AU=KARAKAS ARIF
365,AU=KAYA ARIF
366,AU=KECELI ARIF
367,AU=AYAN ARIF
368,AU=ULU ARIF
369,AU=IPEK ARIF
370,AU=EKINCI ARIFE
371,AU=CENGIZ ASIM
372,AU=DANE ASIM
373,AU=BILICI ASLAN
374,AU=TEKATAS ASLAN
375,AU=KAYA ASLI
376,AU=AVCI ASLI
377,AU=VATANSEVER ASLI
378,AU=KARTAL ASLIHAN
379,AU=BAYRAKTAR ASLIHAN
380,AU=CINCIOGLU ASUMAN
381,AU=CELIKBILEK ASUMAN
382,AU=TIGLI ASIYE
383,AU=ARI ATEM
384,AU=ERKAL ATILA
385,AU=GUNEY ATILLA
386,AU=ILHAN ATILLA
387,AU=ICLI ATILLA
388,AU=OZTURK ATIYE
389,AU=DURMUSOGLU ATIYE
390,AU=TOPRAK AYBALA
391,AU=GUR AYCAN
392,AU=TELLIOGLU AYDA
393,AU=OKAY AYDEMIR
394,AU=BORA AYDIN
395,AU=DEMIRCAN AYDIN
396,AU=ECE AYDIN
397,AU=GUZELOGLU AYDIN
398,AU=KURNAZ AYDIN
399,AU=TEMIZER AYDIN
400,AU=ERTEKIN AYFER
401,AU=UDAK AYFER
402,AU=DAGDELEN AYHAN
403,AU=GUNEY AYHAN
404,AU=KIRAZ AYHAN
405,AU=SELCUK AYHAN
406,AU=SOGUT AYHAN
407,AU=TERGIP AYHAN
408,AU=USTA AYHAN
409,AU=YILDIRIM AYHAN
410,AU=CELIK AYHAN
411,AU=CINICI AYHAN
412,AU=DEMIRKOL AYHMET
413,AU=COBAN AYKUT
414,AU=OKUR AYLIN
415,AU=KIRBAS AYNUR
416,AU=OZUGURLU AYNUR
417,AU=KADERLI AYSEL
418,AU=KOCAEREN AYSEL
419,AU=KURT AYSEL
420,AU=TUNCA AYSEL
421,AU=KARABULUT AYSUN
422,AU=TOKER AYSUN
423,AU=ALCELIK AYTEKIN
424,AU=DEMIRCIOGLU AYTEKIN
425,AU=ERYILMAZ AYTEKIN
426,AU=POLAT AYTEKIN
427,AU=SIR AYTEKIN
428,AU=YESILAY AYTEKIN
429,AU=CIKMAN AYTEKIN
430,AU=DERINGOZ AYSE
431,AU=AYNALI AYSE
432,AU=BALKAN AYSE
433,AU=TEKINAY AYSE
434,AU=BASTERZI AYSE
435,AU=ALPKAYA AYSE
436,AU=YILGOR AYSE
437,AU=HOWISON AYSE
438,AU=KILINCASLAN AYSE
439,AU=YEKSAN AYSE
440,AU=GUNGOR AYSE
441,AU=KORKMAZ AYSE
442,AU=SAGIROGLU AYSE
443,AU=SEZGIN AYSE
444,AU=KURT AYSE
445,AU=ULU AYSE
446,AU=YIGIT AYSE
447,AU=KIZILKAN AYSE
448,AU=SARAC AYSEGUL
449,AU=KALKAN AYSEGUL
450,AU=TURKYILMAZ AYSEGUL
451,AU=KURNAZ AYSEGUL
452,AU=AYSEUMUL AYSEUMUL
453,AU=ULUDAG AYSEUL
454,AU=ILBAY AZMI
455,AU=ILHAN AZIME
456,AU=ASAN AZIZ
457,AU=GUMUS AZIZ
458,AU=HARMAN AZIZ
459,AU=KILINC AZIZ
460,AU=MERHAN AZIZ
461,AU=POLAT AZIZ
462,AU=TUNC AZIZ
463,AU=TURKOGLU AZIZ
464,AU=ARTIS AISE
465,AU=GENC ASIR
466,AU=ORENC ASIR
467,AU=YILDIRIM ASKIN
468,AU=SEKER ASKIN
469,AU=OZDEMIR ASUR
470,AU=GUNEY BAHA
471,AU=BOZOGLAN BAHADIR
472,AU=KUMRAL BAHADIR
473,AU=TANTAY BAHADIR
474,AU=ERDINC BAHATTIN
475,AU=TUNC BAHATTIN
476,AU=ERMIS BAHRI
477,AU=ARSLAN BAHRIYE
478,AU=DURSUN BAHTIYAR
479,AU=SARIBOGA BAHTIYAR
480,AU=SARITAS BAKI
481,AU=TURKKAN BAKI
482,AU=ALTAN BANU
483,AU=KALE BANU
484,AU=UYSAL BANU
485,AU=IZGI BANU
486,AU=GUNAY BANIHAN
487,AU=COREKCI BARAM
488,AU=GENCER BARAN
489,AU=ASCI BARIS
490,AU=ERCAL BARIS
491,AU=GULHAN BARIS
492,AU=KIREMITCI BARIS
493,AU=YALINKILIC BARIS
494,AU=ALKAWASMEI BASSAM
495,AU=DIKMEN BAYAZIT
496,AU=AKARSU BAYRAM
497,AU=ALTUNTAS BAYRAM
498,AU=ABALI BAYRAM
499,AU=CETISLI BAYRAM
500,AU=ERZURUMLUOGLU BAYRAM
501,AU=KAHRAMAN BAYRAM
502,AU=KOKSAL BAYRAM
503,AU=CIRAK BAYRAM
504,AU=INCE BAYRAM
505,AU=BAYRAKTAR BEDIZ
506,AU=AKTAS BEKIR
507,AU=ATIK BEKIR
508,AU=DOGAN BEKIR
509,AU=GUNAY BEKIR
510,AU=KARAARSLAN BEKIR
511,AU=KOLE BEKIR
512,AU=MUMYAKMAZ BEKIR
513,AU=UNLU BEKIR
514,AU=KARATAS BEKIR
515,AU=YILDIZ BEKIR
516,AU=CAKILDERE BEKIR
517,AU=CAGLI BEKIR
518,AU=CENGELCI BEKIR
519,AU=SANAL BEKIR
520,AU=ERES BENAN
521,AU=KILBAS BENAN
522,AU=KADERLI BERKANT
523,AU=OZDEMIR BESIME
524,AU=SEKER BETUL
525,AU=ESER BETUL
526,AU=CEYHAN BETUL
527,AU=OKUTAN BETUL
528,AU=YARAR BETUL
529,AU=ISKENDER BETUL
530,AU=SEYHAN BEYAZIT
531,AU=CENGIZ BEYHAN
532,AU=KURT BEYZA
533,AU=ERDOGMUS BESIR
534,AU=GOZUBENLI BESIR
535,AU=ALTUNTOP BESIR
536,AU=OZTURK BORA
537,AU=TANYERI BUKET
538,AU=CITIL BURAK
539,AU=SUVAK BURAK
540,AU=UZ BURAK
541,AU=ULMAN BURAK
542,AU=GUNAY BURCU
543,AU=OGUZTURK BURCU
544,AU=KOCA BURCU
545,AU=CAKAR BURCU
546,AU=KABADAYI BURHAN
547,AU=YAZICI BURHAN
548,AU=UNAL BURHAN
549,AU=AKYUZ BULENT
550,AU=ASLAN BULENT
551,AU=TELEF BULENT
552,AU=BASARAN BULENT
553,AU=DOGRU BULENT
554,AU=DURU BULENT
555,AU=GOGEBAKAN BULENT
556,AU=KILIC BULENT
557,AU=ICTEN BULENT
558,AU=MIRAN BULENT
559,AU=KILAVUZ BULENT
560,AU=ORAN BULENT
561,AU=PETIK BULENT
562,AU=TARMAN BULENT
563,AU=VURAL BULENT
564,AU=YAVUZ BULENT
565,AU=YILDIRIM BULENT
566,AU=CATALBAS BULENT
567,AU=COBANOGLU BULENT
568,AU=OZ BULENT
569,AU=OZBAY BULENT
570,AU=OZDEMIR BULENT
571,AU=SIK BULENT
572,AU=ALTINOLUK BULNET
573,AU=OZOGUL BUNYAMI
574,AU=UNAL BUNYAMI
575,AU=TURAN BUNYAMIN
576,AU=DIKICI BUNYAMIN
577,AU=ISIK BUNYAMIN
578,AU=KARABULUT BUNYAMIN
579,AU=KISACIK BUNYAMIN
580,AU=KOC BUNYAMIN
581,AU=SOZUTOK BUNYAMIN
582,AU=GUL BILAL
583,AU=GURBUZ BILAL
584,AU=SAVAS BILAL
585,AU=TEMIZ BILAL
586,AU=YILDIZ BILAL
587,AU=YILDIZ BILAL
588,AU=YORULMAZ BILAL
589,AU=SEKER BILAL
590,AU=SINIK BILAL
591,AU=ANNAGUR BILGE
592,AU=SEN BILGE
593,AU=KARA BILGE
594,AU=PAMUK BILGEHAN
595,AU=YILMAZ BINNAZ
596,AU=ASIK BIRAY
597,AU=ALAN BIRCAN
598,AU=SAVRAN BIRCAN
599,AU=ISIK BIRHAN
600,AU=TOPCU BIRKAN
601,AU=UNAL BIRSEN
602,AU=DOGAN CABIR
603,AU=EROGLU CAFER
604,AU=ULU CAFER
605,AU=SAHBAZ CAFER
606,AU=YILMAZ CAHIDE
607,AU=BAGCI CAHIT
608,AU=KURBANOGLU CAHIT
609,AU=BENLIOGLU CAN
610,AU=OZBAY CAN
611,AU=KAYGUSUZ CANANI
612,AU=SAHIN CANAY
613,AU=BADEM CANDAN
614,AU=ARSLAN CANER
615,AU=DINCER CANER
616,AU=TOKUC CANER
617,AU=GUNER CANSEVER
618,AU=AKDENIZ CELAL
619,AU=IRGIN CELAL
620,AU=KOCATEPE CELAL
621,AU=KILIT CELAL
622,AU=CAYIR CELAL
623,AU=OZPINAR CELAL
624,AU=CAMCI CELALETDIN
625,AU=BAYKARA CELALETTIN
626,AU=KARADAS CELALETTIN
627,AU=AYHAN CEM
628,AU=GUREL CEM
629,AU=KAPTANOGLU CEM
630,AU=ORUC CEM
631,AU=SARAC CEM
632,AU=ZEREN CEM
633,AU=BALTACI CEMAL
634,AU=ELITAS CEMAL
635,AU=GUNDOGDU CEMAL
636,AU=ISIK CEMAL
637,AU=SANDALLI CEMAL
638,AU=SARAC CEMAL
639,AU=TUNCER CEMAL
640,AU=YESILYURT CEMAL
641,AU=AYAS CEMALETTIN
642,AU=DEMIRELI CEMALETTIN
643,AU=BULBUL CEMIL
644,AU=KARA CEMIL
645,AU=CELIK CEMIL
646,AU=SAHIN CEMIL
647,AU=CAKMAK CENAP
648,AU=ATASOGLU CENGIZ
649,AU=BASAK CENGIZ
650,AU=DEMIREL CENGIZ
651,AU=DEMIR CENGIZ
652,AU=DURUCU CENGIZ
653,AU=ERDIK CENGIZ
654,AU=INCE CENGIZ
655,AU=KOCAK CENGIZ
656,AU=ORMAN CENGIZ
657,AU=SARIKURKCU CENGIZ
658,AU=TORAMAN CENGIZ
659,AU=YALCIN CENGIZ
660,AU=CEVIK CENGIZ
661,AU=AKBIYIK CENK
662,AU=EKEN CENKER
663,AU=ATAS CESIM
664,AU=AKTAS CEVAT
665,AU=TOSUN CEVAT
666,AU=DEMIR CEVDET
667,AU=GOLOGLU CEVDET
668,AU=JR CLYDE
669,AU=CHIFANE CRISTINA
670,AU=CICEK CUMA
671,AU=GOKCE CUMALI
672,AU=AKINLAR CUNEYT
673,AU=BERKDEMIR CUNEYT
674,AU=DEMIR CUNEYT
675,AU=KAHRAMAN CUNEYT
676,AU=HAMIDI CIHAD
677,AU=TOKTAS CIHAN
678,AU=TURK CIHAN
679,AU=YILDIRIM CIHAN
680,AU=ALIAGAOGLU CIHANGIR
681,AU=EREM CIHANGIR
682,AU=GURKAN CIHAT
683,AU=POLAT CIHAT
684,AU=AKTAS DAVUT
685,AU=AYDUZ DAVUT
686,AU=BALTACI DAVUT
687,AU=DAMA DAVUT
688,AU=DEMIRKIRAN DAVUT
689,AU=OZDEMIR DAVUT
690,AU=INCEBACAK DAVUT
691,AU=ISIK DAGHAN
692,AU=ARSLAN DEMET
693,AU=KORUCU DEMET
694,AU=SEBAN DEMET
695,AU=EKINCI DENIZ
696,AU=GUNEY DENIZ
697,AU=TOKAT DENIZ
698,AU=UNAL DENIZ
699,AU=DUNDAR DERYA
700,AU=DEMIRER DERYA
701,AU=SAGLAM DERYA
702,AU=YILDIZ DERYA
703,AU=TARHAN DEVRIM
704,AU=ERDOGAN DOGAN
705,AU=KILKIS DOGAN
706,AU=KURT DOGAN
707,AU=CETIN DOGAN
708,AU=KARATAS DURA
709,AU=ARSLAN DURAN
710,AU=YAVSAN DURDU
711,AU=OZCAN DURDU
712,AU=BAL DURMUS
713,AU=BOZKURT DURMUS
714,AU=BUNARCIOGLU DURMUS
715,AU=TATLIOGLU DURMUS
716,AU=TURKMEN DURMUS
717,AU=SAHIN DURSUN
718,AU=YAGIZ DURSUN
719,AU=AKKOYUN DURSUN
720,AU=GUCLU DUNYAMIN
721,AU=CAKIRCA DUZGUN
722,AU=DOGAN DIDEM
723,AU=GURSES DIDEM
724,AU=ER DILEK
725,AU=KUTANIS DILEK
726,AU=SELEK DILEK
727,AU=KOCAK DILEK
728,AU=ESSIZ DINC
729,AU=TEKBAS EBRU
730,AU=UZ EBRU
731,AU=TOY EBUBEKIR
732,AU=CAKMAK EBUBEKIR
733,AU=KALENDER EBUZER
734,AU=CAKMAK ECIR
735,AU=ERDENER EDA
736,AU=LLUKACAJ EDONA
737,AU=MINARECI EDIBE
738,AU=POLAT EDIZ
739,AU=TUTAR EDIZ
740,AU=POLAT EFDAL
741,AU=UZ EFKAN
742,AU=IRKICATAL EFTAL
743,AU=AKCICEK EKREM
744,AU=AYDIN EKREM
745,AU=DEMIR EKREM
746,AU=DUNDAR EKREM
747,AU=GULER EKREM
748,AU=KARA EKREM
749,AU=MUS EKREM
750,AU=YETER EKREM
751,AU=UZGEL ELCIN
752,AU=TERZI ELCIN
753,AU=UYSAL ELIF
754,AU=ERDOGAN ELIF
755,AU=FIRAT ELIF
756,AU=TAS ELIF
757,AU=GOZEMIR ELIF
758,AU=GULTURK ELIF
759,AU=ERTAS ELIF
760,AU=BEIGMOHAMMADI ELIF
761,AU=BERK ELIFE
762,AU=KILICBEYLI ELIFE
763,AU=BOZKURT ELIFE
764,AU=ASLAN EMEL
765,AU=BULCUN EMEL
766,AU=CAGLAYAN EMEL
767,AU=ERGIN EMEL
768,AU=KARAKAS EMEL
769,AU=AKCAY EMRAH
770,AU=BULUT EMRAH
771,AU=GUNOK EMRAH
772,AU=GIZIROGLU EMRAH
773,AU=UYANIK EMRAH
774,AU=OZBUGUTU EMRAH
775,AU=UNAL EMRAH
776,AU=BENDES EMRE
777,AU=CAN EMRE
778,AU=EROGLU EMRE
779,AU=GUNBEY EMRE
780,AU=HOCAOGLU EMRE
781,AU=KARAKUS EMRE
782,AU=SANCAK EMRE
783,AU=SEVINDIK EMRE
784,AU=CAVDAR EMRE
785,AU=COMAK EMRE
786,AU=AYDIN EMSAL
787,AU=ERGUN EMIN
788,AU=KARA EMIN
789,AU=KILINC EMIN
790,AU=MADEN EMIN
791,AU=METE EMIN
792,AU=BASKENT EMIN
793,AU=OZDEMIR EMIN
794,AU=OZYILMAZ EMIN
795,AU=SAVIK EMIN
796,AU=TAVIL EMINE
797,AU=BINNETOGLU EMINE
798,AU=MALKOC EMINE
799,AU=MESTAN EMINE
800,AU=MESE EMINE
801,AU=HERKEN EMINE
802,AU=RIFAIOGLU EMINE
803,AU=PANCAR EMINE
804,AU=KOC EMINE
805,AU=KOC EMINE
806,AU=KARAKOC EMINE
807,AU=COSAR EMINE
808,AU=OZEL EMINE
809,AU=TAN ENES
810,AU=YILMAZ ENES
811,AU=DOGAN ENFEL
812,AU=AKAR ENGIN
813,AU=AKMAN ENGIN
814,AU=BASARAN ENGIN
815,AU=DELICE ENGIN
816,AU=SELCUK ENGIN
817,AU=YAZICI ENGIN
818,AU=ERDEM ENGIN
819,AU=SENGUL ENGIN
820,AU=YEKELER ENSAR
821,AU=SANCAKDAR ENVER
822,AU=ALBAYRAK ENVER
823,AU=TATAR ENVER
824,AU=USLU ENVER
825,AU=TOPCU ERAL
826,AU=EKICI ERAN
827,AU=AKBAY ERCAN
828,AU=ARI ERCAN
829,AU=BALCIOGLU ERCAN
830,AU=BALDEMIR ERCAN
831,AU=GENCER ERCAN
832,AU=MADENCI ERCAN
833,AU=PILICER ERCAN
834,AU=SUNGER ERCAN
835,AU=SIVASLI ERCAN
836,AU=UCGUN ERCAN
837,AU=AKSAKAL ERCUMENT
838,AU=TEZCAN ERCUMENT
839,AU=ABDULHAKIMOGULLARI ERDAL
840,AU=ARAS ERDAL
841,AU=BAYIR ERDAL
842,AU=BULGAN ERDAL
843,AU=BIBER ERDAL
844,AU=CANIYILMAZ ERDAL
845,AU=DEMIR ERDAL
846,AU=DIKMEN ERDAL
847,AU=ELKOCA ERDAL
848,AU=EREN ERDAL
849,AU=GISI ERDAL
850,AU=KARA ERDAL
851,AU=KACAN ERDAL
852,AU=PEKER ERDAL
853,AU=TATAR ERDAL
854,AU=YAYLAK ERDAL
855,AU=OZCAN ERDAL
856,AU=OZSUNAR ERDAL
857,AU=AYYILDIZ ERDEM
858,AU=GUVEN ERDEM
859,AU=SURUCU ERDEM
860,AU=YUKSEL ERDEM
861,AU=OZCAN ERDEM
862,AU=SAGLAM ERDL
863,AU=ARI ERDOGAN
864,AU=BOZ ERDOGAN
865,AU=GULTEKIN ERDOGAN
866,AU=HALAT ERDOGAN
867,AU=KILICASLAN ERDOGAN
868,AU=KOCAMAZ ERDOGAN
869,AU=OZBAY ERDOGAN
870,AU=OZEL ERDOGAN
871,AU=OZKAYA ERDOGAN
872,AU=SENTURK ERDOGAN
873,AU=AKYILDIRIM ERDINC
874,AU=AKSU EREN
875,AU=YILDIRIM EREN
876,AU=GONCA ERGUN
877,AU=GUNTEKIN ERGUN
878,AU=KARAVELIOGLU ERGUN
879,AU=NART ERGUN
880,AU=YASAR ERGUN
881,AU=SAKALAR ERGUN
882,AU=BINGOLBALI ERHAN
883,AU=DELEN ERHAN
884,AU=GENC ERHAN
885,AU=GUNEYISI ERHAN
886,AU=KELESOGLU ERHAN
887,AU=METIN ERHAN
888,AU=SARI ERHAN
889,AU=TAHAN ERHAN
890,AU=VAROGLU ERHAN
891,AU=OZCAN ERHAN
892,AU=UNLU ERHAN
893,AU=KOMURCU ERKAM
894,AU=CURE ERKAN
895,AU=EFE ERKAN
896,AU=GOCEN ERKAN
897,AU=KAVAS ERKAN
898,AU=KACAN ERKAN
899,AU=KURT ERKAN
900,AU=SOGUT ERKAN
901,AU=YAMAN ERKAN
902,AU=YULA ERKAN
903,AU=CALISKAN ERKAN
904,AU=SIMSEK ERKAN
905,AU=BAGCIOGLU ERMAN
906,AU=GENC ERNUR
907,AU=ALBAYRAK EROL
908,AU=ERCAG EROL
909,AU=GUNDUZ EROL
910,AU=TOKSEN EROL
911,AU=CELIK EROL
912,AU=COSKUN EROL
913,AU=ONEN EROL
914,AU=CICEK ERSAN
915,AU=DAG ERSEL
916,AU=OBUZ ERSEL
917,AU=ERKAN ERSIN
918,AU=FADILLIOGLU ERSIN
919,AU=KARAPAZARLIOGLU ERSIN
920,AU=TERES ERSIN
921,AU=ERDEN ERSIN
922,AU=BESE ERTAN
923,AU=DURMUSOGLU ERTAN
924,AU=ERSOY ERTAN
925,AU=YANIK ERTAN
926,AU=OZTURK ERTAN
927,AU=ACARTURK ERTUGRUL
928,AU=ERCAN ERTUGRUL
929,AU=KARGI ERTUGRUL
930,AU=MAVILI ERTUGRUL
931,AU=UZUN ERTUGRUL
932,AU=BOZKURT ESAT
933,AU=CETIN ESAT
934,AU=SAVAS ESEN
935,AU=BAKIR ESENGUL
936,AU=KARAKAS ESER
937,AU=BOZKURT ESHABIL
938,AU=AKCAN ESMA
939,AU=KAYA ESMA
940,AU=UGURLU ESMA
941,AU=USAK ESMA
942,AU=YILDIZ ESMA
943,AU=AKBALIK ESRA
944,AU=TUZCU ESRA
945,AU=OZTURK ESRA
946,AU=INAL ESRA
947,AU=KIZILCI ESRA
948,AU=COLAK ESRA
949,AU=OZDEMIR ESIN
950,AU=KARAKAYA ETEM
951,AU=KOKLUKAYA ETEM
952,AU=SOYUCOK ETEM
953,AU=YESILYURT ETEM
954,AU=OZDEMIR EVREN
955,AU=ERBILGIN EVRIM
956,AU=KILIC EYLEM
957,AU=SAHIN EYLEM
958,AU=CIG EYLEM
959,AU=COSKUN EYYUP
960,AU=AYYILDIZ EYUP
961,AU=BUYUKKAYA EYUP
962,AU=KOC EYUP
963,AU=YURT EYUP
964,AU=ZENGIN EYUP
965,AU=CETIN EYUP
966,AU=CEVHER EZGI
967,AU=ARSLAN FAHRETTIN
968,AU=TALAY FAHRETTIN
969,AU=GUNES FAHRI
970,AU=BESIR FAHRI
971,AU=TERCAN FAHRI
972,AU=OZ FAHRI
973,AU=BASCIFTCI FARUK
974,AU=BAGIRCI FARUK
975,AU=DEMIR FARUK
976,AU=GEYIK FARUK
977,AU=TUNCER FARUK
978,AU=YILMAZ FARUK
979,AU=YILMAZ FARUK
980,AU=CAVDAR FARUK
981,AU=OZ FARUK
982,AU=OZTURK FARUK
983,AU=UCAR FARUK
984,AU=BOYACI FATIMA
985,AU=BAYRAKTAR FATMA
986,AU=BOZKURT FATMA
987,AU=CEBE FATMA
988,AU=DEMIREL FATMA
989,AU=KILICER FATMA
990,AU=ERDEM FATMA
991,AU=GUNDOGDU FATMA
992,AU=NIYAZIOGLU FATMA
993,AU=TURKMENOGLU FATMA
994,AU=TURALIOGLU FATMA
995,AU=FIDAN FATMA
996,AU=AKCAY FATIH
997,AU=ALTUNKAS FATIH
998,AU=ANDIRAN FATIH
999,AU=AY FATIH
1000,AU=AYDOGAN FATIH
1001,AU=BAYANSAL FATIH
1002,AU=BAYRAM FATIH
1003,AU=BOLAT FATIH
1004,AU=CAN FATIH
1005,AU=DEMIRCI FATIH
1006,AU=DEMIRCIOGLU FATIH
1007,AU=EKICI FATIH
1008,AU=ERBAY FATIH
1009,AU=ERMIS FATIH
1010,AU=FIRINCI FATIH
1011,AU=GURSUL FATIH
1012,AU=HATTATOGLU FATIH
1013,AU=KANTARCI FATIH
1014,AU=KARAKAS FATIH
1015,AU=KARAOSMANOGLU FATIH
1016,AU=KAYA FATIH
1017,AU=KAYHAN FATIH
1018,AU=KIRAC FATIH
1019,AU=KOC FATIH
1020,AU=KOCTURK FATIH
1021,AU=KURNAZ FATIH
1022,AU=BINNETOGLU FATIH
1023,AU=ADIBELLI FATIH
1024,AU=TURKCU FATIH
1025,AU=TURKER FATIH
1026,AU=MUTLU FATIH
1027,AU=DURAN FATIH
1028,AU=SEFIL FATIH
1029,AU=SIVRIKAYA FATIH
1030,AU=TEMIZTURK FATIH
1031,AU=TUFAN FATIH
1032,AU=YAR FATIH
1033,AU=YAGMUR FATIH
1034,AU=YILDIRIM FATIH
1035,AU=YILDIZ FATIH
1036,AU=YUKSEL FATIH
1037,AU=CELEBIOGLU FATIH
1038,AU=CELENK FATIH
1039,AU=CELIK FATIH
1040,AU=CELIK FATIH
1041,AU=CERMIK FATIH
1042,AU=COSKUN FATIH
1043,AU=COMEZ FATIH
1044,AU=OZAN FATIH
1045,AU=OZBAY FATIH
1046,AU=OZTURK FATIH
1047,AU=OCAL FATIH
1048,AU=OGRETMEN FATIH
1049,AU=ILKAYA FATIH
1050,AU=IMAT FATIH
1051,AU=SAHPAZ FATIH
1052,AU=SENOL FAZIL
1053,AU=OMUR FAIK
1054,AU=AKIN FEHMI
1055,AU=AKCABAY FEHMIYE
1056,AU=ARMUTCU FERAH
1057,AU=YAMAN FERDA
1058,AU=BULBUL FERDI
1059,AU=GOKSEL FERDI
1060,AU=KARABUGA FERHAN
1061,AU=YAMAN FERHAN
1062,AU=ASLAN FERHAT
1063,AU=OZGEN FERHAT
1064,AU=BOZKUS FERHAT
1065,AU=BULBUL FERHAT
1066,AU=CELEP FERHAT
1067,AU=DIKBIYIK FERHAT
1068,AU=ENSAR FERHAT
1069,AU=GOKMEN FERHAT
1070,AU=TASKIN FERHAT
1071,AU=OZMAN FERHAT
1072,AU=TANIK FERIDE
1073,AU=BULBUL FERIDUN
1074,AU=FICICI FERIT
1075,AU=SONMEZ FERIT
1076,AU=KARABIBER FETHULLAH
1077,AU=KENAR FETHULLAH
1078,AU=TULUBAS FETI
1079,AU=SARITAS FEVZI
1080,AU=YILDIZ FEYYAZ
1081,AU=ONDER FEYYAZ
1082,AU=EKSI FEYZETTIN
1083,AU=UYGUR FIRAT
1084,AU=MENGELOGLU FIRAT
1085,AU=CELIK FIRAT
1086,AU=AHMETOGLU FUAT
1087,AU=BOYACIOGLU FUAT
1088,AU=KARAKAYA FUAT
1089,AU=LEBE FUAT
1090,AU=OZDINC FUAT
1091,AU=ATACAN FULYA
1092,AU=KENTLI FULYA
1093,AU=DOGRUEL FULYA
1094,AU=CATIR FULYA
1095,AU=OZDEMIR FUNDA
1096,AU=BIRDAL FURKAN
1097,AU=DINCER FURKAN
1098,AU=AYDOGAN FUSUN
1099,AU=SAHIN FIGEN
1100,AU=KOCYIGIT FIGEN
1101,AU=SELIMOGLU FIGEN
1102,AU=TASER FIGEN
1103,AU=ELMA FIKRET
1104,AU=KOCABAS FIKRET
1105,AU=KUYUCU FIKRET
1106,AU=MAZI FIKRET
1107,AU=UYAR FIKRET
1108,AU=DEMIR FIKRI
1109,AU=CEVIK FILIZ
1110,AU=OZDEMIR FILIZ
1111,AU=OZDEMIROGLU FILIZ
1112,AU=OZKAN FILIZ
1113,AU=IYIDIL FILIZ
1114,AU=CETIN FIRDEVS
1115,AU=SONMEZGOZ FITNET
1116,AU=OTURANC GALIP
1117,AU=CAG GALIP
1118,AU=YUCEL GERCEK
1119,AU=OZKUK GOKAN
1120,AU=ALPAK GOKAY
1121,AU=ERBAG GOKHAN
1122,AU=KARS GOKHAN
1123,AU=KUTLAR GOKHAN
1124,AU=SERIN GOKHAN
1125,AU=DEMIR GOKHAN
1126,AU=OZDAMAR GOKHAN
1127,AU=BILGILI GOKMEN
1128,AU=AKPINAR GOKSAN
1129,AU=ERDEN GONUL
1130,AU=SARI GOZDE
1131,AU=DEMIR GOZDE
1132,AU=SEN GUL
1133,AU=PINAR GUL
1134,AU=OZPINAR GUL
1135,AU=BULUT GULAY
1136,AU=YUCEKAYA GULAY
1137,AU=OZKECECI GULAY
1138,AU=CILGI GULBANU
1139,AU=SARICI GULBEN
1140,AU=OZATAGAN GULDEM
1141,AU=AKIN GULDEN
1142,AU=KOKEN GULEN
1143,AU=KAMAK GULEN
1144,AU=KOCA GULER
1145,AU=TOK GULER
1146,AU=YAVUZ GULER
1147,AU=GULER GULNUR
1148,AU=OZGUNER GULNUR
1149,AU=DOGAN GULNIHAL
1150,AU=ADAKLI GULSEREN
1151,AU=PAMUK GULSUM
1152,AU=INCE GULSUM
1153,AU=OZYALVACLI GULZADE
1154,AU=DOGANLI GULUMSER
1155,AU=ASIK GULSAH
1156,AU=KAYIKCI GULSEN
1157,AU=KURSUN GUNAL
1158,AU=ASAN GUNES
1159,AU=TURGUT GUNFER
1160,AU=AY GUNGOR
1161,AU=SOBACI GUNGOR
1162,AU=BAHADIR GURHAN
1163,AU=GUNDUZ GURHAN
1164,AU=ACAR GURKAN
1165,AU=ALTAN GURKAN
1166,AU=GAZIOGLU GURKAN
1167,AU=SAKAR GURKAN
1168,AU=ACARTURK GURSEL
1169,AU=DUZENLI GURSEL
1170,AU=MERIC GURSOY
1171,AU=BAKIREZER GUVEN
1172,AU=TEKBAS GUVEN
1173,AU=SEKER GUVEN
1174,AU=AYNALI GIRAY
1175,AU=EMRE HABIB
1176,AU=OZDEMIR HABIB
1177,AU=KALKAN HABIL
1178,AU=EROGLU HABIP
1179,AU=AYDOGMUS HACER
1180,AU=SEN HACER
1181,AU=TASPINAR HACI
1182,AU=AKTAS HACI
1183,AU=ATA HACI
1184,AU=CETINKARA HACI
1185,AU=BAYKARA HACI
1186,AU=SOY HACI
1187,AU=TOSUN HACI
1188,AU=YILMAZ HACI
1189,AU=KAYMAZ HACI
1190,AU=TASCI HACI
1191,AU=SAHIN HACI
1192,AU=EMUL HACI
1193,AU=SAGDIK HACI
1194,AU=CAKMAK HACI
1195,AU=DEMIR HACI
1196,AU=TURKMEN HAFIZE
1197,AU=AKIN HAKAN
1198,AU=AKCAY HAKAN
1199,AU=ALTINTAS HAKAN
1200,AU=ALTUN HAKAN
1201,AU=AYDOGAN HAKAN
1202,AU=BAKAN HAKAN
1203,AU=BAYIR HAKAN
1204,AU=BASARAN HAKAN
1205,AU=BOLAT HAKAN
1206,AU=BOYACI HAKAN
1207,AU=BUYUKHATIPOGLU HAKAN
1208,AU=BUYUKOGLAN HAKAN
1209,AU=DEMIRBOGA HAKAN
1210,AU=DEMIRTAS HAKAN
1211,AU=DEGIRMENCI HAKAN
1212,AU=DOGAN HAKAN
1213,AU=GENCHELLAC HAKAN
1214,AU=HEKIM HAKAN
1215,AU=KAPTAN HAKAN
1216,AU=AKMAZ HAKAN
1217,AU=MERTCAN HAKAN
1218,AU=OFLAZ HAKAN
1219,AU=SARMAN HAKAN
1220,AU=SEVINDIK HAKAN
1221,AU=SOYUT HAKAN
1222,AU=TANRIVERDI HAKAN
1223,AU=TURAN HAKAN
1224,AU=ULUCAN HAKAN
1225,AU=UZUN HAKAN
1226,AU=YAMAN HAKAN
1227,AU=YAMAN HAKAN
1228,AU=CALIS HAKAN
1229,AU=CATLIOGLU HAKAN
1230,AU=CETIN HAKAN
1231,AU=CETINEL HAKAN
1232,AU=OZHAN HAKAN
1233,AU=OZKOKELI HAKAN
1234,AU=SARI HAKAN
1235,AU=SAHIN HAKAN
1236,AU=SANDIR HAKAN
1237,AU=FINDIK HAKKI
1238,AU=GOKBEL HAKKI
1239,AU=SARNEL HALDUN
1240,AU=BORAZAN HALE
1241,AU=SAVAS HALUK
1242,AU=CEYLAN HALUK
1243,AU=SOYLEMEZ HALUK
1244,AU=PEKTEZEL HALID
1245,AU=AKMAN HALIL
1246,AU=AYKUL HALIL
1247,AU=BEYDILLI HALIL
1248,AU=BILECEN HALIL
1249,AU=KUNT HALIL
1250,AU=OZLER HALIL
1251,AU=SEN HALIL
1252,AU=TOSUN HALIL
1253,AU=UCAL HALIL
1254,AU=YILDIRIM HALIL
1255,AU=CALISKAN HALIL
1256,AU=CETIN HALIL
1257,AU=OZGUNER HALIL
1258,AU=BAHAR HALIL
1259,AU=DEMIRCI HALIL
1260,AU=ESKIKURT HALIL
1261,AU=HALILOGLU HALIL
1262,AU=KILINC HALIL
1263,AU=OKUTAN HALIL
1264,AU=TANC HALIL
1265,AU=ONDER HALIL
1266,AU=UNAL HALIL
1267,AU=INAN HALIL
1268,AU=SAHAN HALIL
1269,AU=SAHMAN HALIL
1270,AU=SIMSEK HALIL
1271,AU=AKBULUT HALIM
1272,AU=KORUCU HALIM
1273,AU=NALIN HALIME
1274,AU=BORAN HALIS
1275,AU=CANATAN HALIT
1276,AU=KARACA HALIT
1277,AU=ZENGIN HALIT
1278,AU=CICEK HALIT
1279,AU=AKCAKOCA HAMDI
1280,AU=AYDIN HAMDI
1281,AU=KAMCI HAMDI
1282,AU=SOZEN HAMDI
1283,AU=TUTKUN HAMDI
1284,AU=TOSUN HAMZA
1285,AU=UZUM HAMZA
1286,AU=ACEMOGLU HAMIT
1287,AU=MERMERKAYA HAMIT
1288,AU=OKUR HAMIT
1289,AU=PALABIYIK HAMIT
1290,AU=UNAL HAMIYET
1291,AU=CIPIL HANDAN
1292,AU=USTUNDAG HANDAN
1293,AU=GURSES HANDE
1294,AU=TOPAL HANIFE
1295,AU=BINICI HANIFI
1296,AU=KURT HANIFI
1297,AU=SARAC HANIFI
1298,AU=ANAY HARUN
1299,AU=AYDOGAN HARUN
1300,AU=BAYRAKDAR HARUN
1301,AU=EVRENGUL HARUN
1302,AU=KAYA HARUN
1303,AU=KUCUK HARUN
1304,AU=YAZAR HARUN
1305,AU=TOY HARUN
1306,AU=YENICERI HARUN
1307,AU=YILDIZ HARUN
1308,AU=YILMAZ HARUN
1309,AU=YUKSEL HARUN
1310,AU=CIRALIK HARUN
1311,AU=COBAN HARUN
1312,AU=SIMSEK HARUN
1313,AU=DELIGOZ HASALETTIN
1314,AU=ABDIOGLU HASAN
1315,AU=ACAR HASAN
1316,AU=AKCA HASAN
1317,AU=ALLI HASAN
1318,AU=YUKSEKKAYA HASAN
1319,AU=ATIK HASAN
1320,AU=AYDIN HASAN
1321,AU=BABACAN HASAN
1322,AU=BAL HASAN
1323,AU=ERTAS HASAN
1324,AU=ULUSOY HASAN
1325,AU=BAYRAKTAR HASAN
1326,AU=BOZKURT HASAN
1327,AU=BUKER HASAN
1328,AU=BUYUKASLAN HASAN
1329,AU=BILINC HASAN
1330,AU=EKER HASAN
1331,AU=ELLEK HASAN
1332,AU=ERDOGAN HASAN
1333,AU=ERDOGAN HASAN
1334,AU=ERTAS HASAN
1335,AU=ERCELIK HASAN
1336,AU=EROL HASAN
1337,AU=GOK HASAN
1338,AU=GUNGOR HASAN
1339,AU=ULUTIN HASAN
1340,AU=DULGER HASAN
1341,AU=HERKEN HASAN
1342,AU=KART HASAN
1343,AU=KOSGER HASAN
1344,AU=SATILMIS HASAN
1345,AU=YURTCU HASAN
1346,AU=CALI HASAN
1347,AU=CEVIK HASAN
1348,AU=OZDEMIR HASAN
1349,AU=YUCE HASAN
1350,AU=KAFALI HASAN
1351,AU=KALA HASAN
1352,AU=KAMAK HASAN
1353,AU=KAPLAN HASAN
1354,AU=KARACAN HASAN
1355,AU=KARAKURT HASAN
1356,AU=KAYA HASAN
1357,AU=KURT HASAN
1358,AU=METINEREN HASAN
1359,AU=MUTLU HASAN
1360,AU=OZER HASAN
1361,AU=SARAL HASAN
1362,AU=GERGERLIOGLU HASAN
1363,AU=TAK HASAN
1364,AU=ATMACA HASAN
1365,AU=TURKMEN HASAN
1366,AU=UCMAK HASAN
1367,AU=YILDI HASAN
1368,AU=YILDIZHAN HASAN
1369,AU=YUMAK HASAN
1370,AU=CANKAYA HASAN
1371,AU=CEVIKOGLU HASAN
1372,AU=CECE HASAN
1373,AU=CINAR HASAN
1374,AU=OZTURK HASAN
1375,AU=ULKER HASAN
1376,AU=IBICIOGLU HASAN
1377,AU=MUTAF HASAN
1378,AU=ASLAN HASBI
1379,AU=KARA HATIBE
1380,AU=CANSUNAR HATICE
1381,AU=BALABAN HATICE
1382,AU=CAN HATICE
1383,AU=AKIN HATICE
1384,AU=SENOGUZ HATICE
1385,AU=SEZAN HATICE
1386,AU=TEBER HATICE
1387,AU=TOY HATICE
1388,AU=YESILDAL HATICE
1389,AU=YUKSEL HATICE
1390,AU=AKBAS HATICE
1391,AU=INAN HATICE
1392,AU=OZBILGE HATICE
1393,AU=AYDIN HATIP
1394,AU=YILMAZ HAUDAI
1395,AU=YILMAZ HAVA
1396,AU=SAHIN HAVANUR
1397,AU=EVRENGUL HAVVA
1398,AU=KOCA HAVVA
1399,AU=YAMAN HAVVA
1400,AU=DEMIRASLAN HAYATI
1401,AU=GUNES HAYATI
1402,AU=KANDIS HAYATI
1403,AU=SINIR HAYATI
1404,AU=SEKER HAYATI
1405,AU=UCAK HAYDAR
1406,AU=EROGLU HAYRETTIN
1407,AU=TUNCEL HAYRETTIN
1408,AU=CETIN HAYRULLAH
1409,AU=UN HAYRI
1410,AU=KARABULUT HAYRIYE
1411,AU=YILMAZ HAYRIYE
1412,AU=YILMAZ HASIM
1413,AU=DAVAS HEDIYE
1414,AU=ULVI HIZIR
1415,AU=COKADAR HULUSI
1416,AU=HATIPOGLU HURISEL
1417,AU=CAN HUDAYI
1418,AU=KIZILTUNC HUKMI
1419,AU=AKSOY HULYA
1420,AU=ELIBUYUK HULYA
1421,AU=GOKNAR HULYA
1422,AU=OGELMAN HULYA
1423,AU=OZDINC HULYA
1424,AU=KOYUNCU HULYA
1425,AU=BURUCU HUMEYRA
1426,AU=CAN HUMEYRA
1427,AU=BICICI HUR
1428,AU=AKYUZOGLU HUSEYIN
1429,AU=AKCAY HUSEYIN
1430,AU=ALKIS HUSEYIN
1431,AU=ALPSOY HUSEYIN
1432,AU=ALTAY HUSEYIN
1433,AU=ASLAN HUSEYIN
1434,AU=ASLAN HUSEYIN
1435,AU=ATALAY HUSEYIN
1436,AU=BARGAN HUSEYIN
1437,AU=BAYRAMLAR HUSEYIN
1438,AU=BAGCI HUSEYIN
1439,AU=BEGENIK HUSEYIN
1440,AU=BULGURCU HUSEYIN
1441,AU=KAYHAN HUSEYIN
1442,AU=CAN HUSEYIN
1443,AU=TURGUT HUSEYIN
1444,AU=CINOGLU HUSEYIN
1445,AU=DAS HUSEYIN
1446,AU=ERISIK HUSEYIN
1447,AU=ERTAS HUSEYIN
1448,AU=ERTUC HUSEYIN
1449,AU=ERTIK HUSEYIN
1450,AU=ESEN HUSEYIN
1451,AU=GOKTEPE HUSEYIN
1452,AU=GUMUS HUSEYIN
1453,AU=KAVAS HUSEYIN
1454,AU=KAYA HUSEYIN
1455,AU=KORKMAZ HUSEYIN
1456,AU=KURT HUSEYIN
1457,AU=OFLAZ HUSEYIN
1458,AU=POLAT HUSEYIN
1459,AU=KUYUK HUSEYIN
1460,AU=SIMAVLI HUSEYIN
1461,AU=TOMAN HUSEYIN
1462,AU=UYSAL HUSEYIN
1463,AU=UYSAL HUSEYIN
1464,AU=YAZICI HUSEYIN
1465,AU=VAROL HUSEYIN
1466,AU=YAMAN HUSEYIN
1467,AU=YASAR HUSEYIN
1468,AU=ZENGIN HUSEYIN
1469,AU=OKSUZ HUSEYIN
1470,AU=ONEN HUSEYIN
1471,AU=OZDEMIR HUSEYIN
1472,AU=OZYURT HUSEYIN
1473,AU=IMREK HUSEYIN
1474,AU=GONEL HUSEIN
1475,AU=GUDER HUSNU
1476,AU=DEMIRULUS HUSREV
1477,AU=BAKKAL HIDAYET
1478,AU=ERDOGAN HIDAYET
1479,AU=CIGLIK HIKMET
1480,AU=BOZOGLAN HILAL
1481,AU=OZEN HILAL
1482,AU=ALTINYAZAR HILMI
1483,AU=ERGOREN HILMI
1484,AU=KIRLIOGLU HILMI
1485,AU=SUNGU HILMI
1486,AU=YAZICI HILMI
1487,AU=KORKMAZ HIMMET
1488,AU=AKDOGAN ILGAZ
1489,AU=DAVARCI ISIL
1490,AU=DIRLIKYAPAN JALE
1491,AU=MERAL KADEM
1492,AU=ERDEN KADRIYE
1493,AU=AKSAY KADIR
1494,AU=ALPER KADIR
1495,AU=AGLADIOGLU KADIR
1496,AU=BASER KADIR
1497,AU=CEYLAN KADIR
1498,AU=DUNDAR KADIR
1499,AU=GEDIK KADIR
1500,AU=GUMRAH KADIR
1501,AU=KAN KADIR
1502,AU=KARAKUS KADIR
1503,AU=KIRKBOGA KADIR
1504,AU=PAKSOY KADIR
1505,AU=PEKER KADIR
1506,AU=TAN KADIR
1507,AU=CEYHANLI KADIR
1508,AU=TUZLAK KADIR
1509,AU=YILMAZ KADIR
1510,AU=YILDIRIM KADIR
1511,AU=YILDIZ KADIR
1512,AU=YERDELEN KADIR
1513,AU=ISA KADIR
1514,AU=SARI KAMRAN
1515,AU=AYDIN KAMIL
1516,AU=AYDIN KAMIL
1517,AU=KUCUKYILMAZ KAMIL
1518,AU=SEYREK KAMIL
1519,AU=TUNAY KAMIL
1520,AU=KOSE KAMIL
1521,AU=OZDIN KAMIL
1522,AU=AKBAS KASIM
1523,AU=KARAGOZ KASIM
1524,AU=TUZCU KASIM
1525,AU=CAGLAYA KASIM
1526,AU=GULEZ KAYHAN
1527,AU=MENEMENCIOGLU KAYHAN
1528,AU=INCE KAYHAN
1529,AU=KESLIOGLU KAZIM
1530,AU=SARICI KAZIM
1531,AU=GUMUS KAZIM
1532,AU=BESIRLI KAZIM
1533,AU=DEVELIOGLU KAZIM
1534,AU=UCOK KAGAN
1535,AU=ATIK KEMAL
1536,AU=BASLAR KEMAL
1537,AU=EKICI KEMAL
1538,AU=HACIEFENDIOGLU KEMAL
1539,AU=TURKYILMAZ KEMAL
1540,AU=ZORBAZ KEMAL
1541,AU=COMAKLI KEMAL
1542,AU=ORNEK KEMAL
1543,AU=INAL KEMAL
1544,AU=SAHIN KEMAL
1545,AU=BULUT KENAN
1546,AU=CANTEKIN KENAN
1547,AU=GUMUSTEKIN KENAN
1548,AU=KAYISIZ KENAN
1549,AU=MELEMEZ KENAN
1550,AU=UCAN KENAN
1551,AU=COYAN KENAN
1552,AU=IZGI KENAN
1553,AU=YANIK KERAMETTIN
1554,AU=OK KEREM
1555,AU=COSKUN KEREM
1556,AU=USTA KEZIBAN
1557,AU=YUCEL KIVILCIM
1558,AU=KOCOGLU KIYASETTIN
1559,AU=GEZER KUTRET
1560,AU=LORDOGLU KUVVET
1561,AU=CEYHAN KOKSAL
1562,AU=GULTEKIN KUBRA
1563,AU=CINAR KUBRA
1564,AU=OZKUL KUBRA
1565,AU=AGPAK KURSAD
1566,AU=ORAL KURSAT
1567,AU=YAYKASLI KURSAT
1568,AU=SOLAK KURSAT
1569,AU=UZUN KURSAT
1570,AU=KAHVECI KUCUK
1571,AU=AKYUZ LATIFE
1572,AU=CANTEK LAIKA
1573,AU=AKIN LEMI
1574,AU=AKKAYA LEVENT
1575,AU=ALTINEL LEVENT
1576,AU=GURBUZLER LEVENT
1577,AU=KARA LEVENT
1578,AU=AKTURK LEVENT
1579,AU=BAYAR LEVENT
1580,AU=SEVI LEVENT
1581,AU=YAZMALAR LEVENT
1582,AU=ONAL LEVENT
1583,AU=UNSALDI LEVENT
1584,AU=SAHIN LEVENT
1585,AU=SIMSEK LEVENT
1586,AU=UNAL LEYLA
1587,AU=AYDIN LEYLA
1588,AU=RATHKE LEYLA
1589,AU=SAHAN LEYLA
1590,AU=ASLAN LOKMAN
1591,AU=ERDEMIR LOKMAN
1592,AU=KARAKURT LOKMAN
1593,AU=KAYCI LOKMAN
1594,AU=SOYORAL LOKMAN
1595,AU=VARISLI LOKMAN
1596,AU=USTYOL LOKMAN
1597,AU=YAVUZ LUTFULLAH
1598,AU=CAKIR LUTFULLAH
1599,AU=GENC LUTFI
1600,AU=OZCAN LUTFI
1601,AU=OZEL LUTFI
1602,AU=YARGIC LUTFI
1603,AU=KAYA LILUFER
1604,AU=CHIFANE LIVIU-AUGUSTIN
1605,AU=ERCEVAHIR MACIT
1606,AU=BASTURK MAHMET
1607,AU=ABUHANDAN MAHMUT
1608,AU=AKYOL MAHMUT
1609,AU=ALPAYCI MAHMUT
1610,AU=ARABUL MAHMUT
1611,AU=AYPEK MAHMUT
1612,AU=BIRGUN MAHMUT
1613,AU=BUYUKBOZDUGAN MAHMUT
1614,AU=YILDIZ MAHMUT
1615,AU=DAGLI MAHMUT
1616,AU=DASCI MAHMUT
1617,AU=DEMIRTAS MAHMUT
1618,AU=DUYMUS MAHMUT
1619,AU=GUZEL MAHMUT
1620,AU=KOCAK MAHMUT
1621,AU=NALBANTCILAR MAHMUT
1622,AU=ULUSOY MAHMUT
1623,AU=YALCIN MAHMUT
1624,AU=YENER MAHMUT
1625,AU=ZKAN MAHMUT
1626,AU=OZDEVECIOGLU MAHMUT
1627,AU=ULESIN MAHMUT
1628,AU=INANC MAHMUT
1629,AU=SEKER MAHMUT
1630,AU=ALKAN MAHIR
1631,AU=ERKURAN MANSUR
1632,AU=NART MARUF
1633,AU=GOK MAIDE
1634,AU=AYHAN MEDIHA
1635,AU=CURE MEDINE
1636,AU=KARA MEDINE
1637,AU=PAKDEMIRLI MEFKURE
1638,AU=YEKSAN MEHDI
1639,AU=AKBULAK MEHMET
1640,AU=AKBULUT MEHMET
1641,AU=AKIN MEHMET
1642,AU=AKKOSE MEHMET
1643,AU=AKSOY MEHMET
1644,AU=AKTAS MEHMET
1645,AU=CEVIZ MEHMET
1646,AU=DOKUZOGLU MEHMET
1647,AU=KILAVUZ MEHMET
1648,AU=KUTUK MEHMET
1649,AU=KUTUKCU MEHMET
1650,AU=SARICA MEHMET
1651,AU=CECEN MEHMET
1652,AU=CUKURCAYIR MEHMET
1653,AU=ALACALI MEHMET
1654,AU=SOZER MEHMET
1655,AU=BASTURK MEHMET
1656,AU=BALKANLIOGLU MEHMET
1657,AU=ELBEY MEHMET
1658,AU=EROGLU MEHMET
1659,AU=SEVEN MEHMET
1660,AU=SOGUT MEHMET
1661,AU=UCAR MEHMET
1662,AU=CALGAN MEHMET
1663,AU=ARDICLIOGLU MEHMET
1664,AU=ARICAN MEHMET
1665,AU=ARSLAN MEHMET
1666,AU=ASLANTAS MEHMET
1667,AU=ASMALI MEHMET
1668,AU=CEBE MEHMET
1669,AU=BUYUKGUCLU MEHMET
1670,AU=AVCI MEHMET
1671,AU=AYAN MEHMET
1672,AU=ASKIN MEHMET
1673,AU=ACAT MEHMET
1674,AU=BAYINDIR MEHMET
1675,AU=BAYRAM MEHMET
1676,AU=BASLAR MEHMET
1677,AU=BASOREN MEHMET
1678,AU=BOSTAN MEHMET
1679,AU=BOSNAK MEHMET
1680,AU=BULUT MEHMET
1681,AU=KAHYAOGLU MEHMET
1682,AU=YUKSEL MEHMET
1683,AU=CENGIL MEHMET
1684,AU=ERCIN MEHMET
1685,AU=CEVRI MEHMET
1686,AU=EROGLU MEHMET
1687,AU=UNIVERSITYER MEHMET
1688,AU=CIVAN MEHMET
1689,AU=DALLI MEHMET
1690,AU=DAVUTOGLU MEHMET
1691,AU=DAYIK MEHMET
1692,AU=BULUT MEHMET
1693,AU=DEVEER MEHMET
1694,AU=DEGERLIYURT MEHMET
1695,AU=DURU MEHMET
1696,AU=CAMAN MEHMET
1697,AU=KALENDER MEHMET
1698,AU=KILIC MEHMET
1699,AU=KUYUMCU MEHMET
1700,AU=KOK MEHMET
1701,AU=SAKARYA MEHMET
1702,AU=TASDELEN MEHMET
1703,AU=YUKSEKKAYA MEHMET
1704,AU=OZYALVACLI MEHMET
1705,AU=INAL MEHMET
1706,AU=SEN MEHMET
1707,AU=UNLU MEHMET
1708,AU=ERDEM MEHMET
1709,AU=ERDOGAN MEHMET
1710,AU=EROGLU MEHMET
1711,AU=CIFTCI MEHMET
1712,AU=ESGIN MEHMET
1713,AU=GEYIK MEHMET
1714,AU=CATAL MEHMET
1715,AU=BARIS MEHMET
1716,AU=CANBOLAT MEHMET
1717,AU=GARCA MEHMET
1718,AU=GUNER MEHMET
1719,AU=KARAASLAN MEHMET
1720,AU=KARAKAS MEHMET
1721,AU=KAYA MEHMET
1722,AU=SONMEZ MEHMET
1723,AU=CAGLAR MEHMET
1724,AU=OZLU MEHMET
1725,AU=GOKALP MEHMET
1726,AU=GURKAN MEHMET
1727,AU=GEDIK MEHMET
1728,AU=GESOGLU MEHMET
1729,AU=TETIN MEHMET
1730,AU=GOKTEPE MEHMET
1731,AU=GORAL MEHMET
1732,AU=GUL MEHMET
1733,AU=GUNAY MEHMET
1734,AU=GUNDUZ MEHMET
1735,AU=KAYA MEHMET
1736,AU=GURBUZ MEHMET
1737,AU=SOLAK MEHMET
1738,AU=TANRIVERDI MEHMET
1739,AU=KIZILCI MEHMET
1740,AU=ALTAN MEHMET
1741,AU=HAZAR MEHMET
1742,AU=ATMACA MEHMET
1743,AU=KABA MEHMET
1744,AU=KABACIK MEHMET
1745,AU=KAHRAMAN MEHMET
1746,AU=KANDAZ MEHMET
1747,AU=KANTER MEHMET
1748,AU=KARAASLAN MEHMET
1749,AU=KARABACAK MEHMET
1750,AU=KARABIBER MEHMET
1751,AU=KARACA MEHMET
1752,AU=KARAKIZ MEHMET
1753,AU=KARAKOC MEHMET
1754,AU=KAYGANA MEHMET
1755,AU=KAYRAK MEHMET
1756,AU=KASLI MEHMET
1757,AU=KARAAGAC MEHMET
1758,AU=KIDIR MEHMET
1759,AU=KILIC MEHMET
1760,AU=KURTULMUS MEHMET
1761,AU=KOROGLU MEHMET
1762,AU=KIR MEHMET
1763,AU=TASLI MEHMET
1764,AU=OCAK MEHMET
1765,AU=KUCUK MEHMET
1766,AU=MELEK MEHMET
1767,AU=MERCAN MEHMET
1768,AU=METE MEHMET
1769,AU=EROL MEHMET
1770,AU=RIFAIOGLU MEHMET
1771,AU=HAMIDI MEHMET
1772,AU=NAM MEHMET
1773,AU=NEBIOGLU MEHMET
1774,AU=KUMRU MEHMET
1775,AU=TURAN MEHMET
1776,AU=KANBUR MEHMET
1777,AU=OZYURTKAN MEHMET
1778,AU=PAKDEMIRLI MEHMET
1779,AU=PENCECIOGLU MEHMET
1780,AU=HELVACI MEHMET
1781,AU=KESICI MEHMET
1782,AU=BURUNGUZ MEHMET
1783,AU=DEMIRAY MEHMET
1784,AU=ERSOY MEHMET
1785,AU=AYDIN MEHMET
1786,AU=ARBATLI MEHMET
1787,AU=ARIK MEHMET
1788,AU=SAKCALI MEHMET
1789,AU=BAL MEHMET
1790,AU=SUBASI MEHMET
1791,AU=TAN MEHMET
1792,AU=YASEMIN MEHMET
1793,AU=TEKKOYUN MEHMET
1794,AU=TEKINKUS MEHMET
1795,AU=TEMEL MEHMET
1796,AU=TERZI MEHMET
1797,AU=TETIKOGLU MEHMET
1798,AU=GULSOY MEHMET
1799,AU=TOK MEHMET
1800,AU=TOSUN MEHMET
1801,AU=TURMUS MEHMET
1802,AU=TUZCU MEHMET
1803,AU=SEZER MEHMET
1804,AU=TURKELI MEHMET
1805,AU=TURKER MEHMET
1806,AU=TIKICI MEHMET
1807,AU=ULUKAN MEHMET
1808,AU=UMRUL MEHMET
1809,AU=UYGUN MEHMET
1810,AU=UZKUT MEHMET
1811,AU=UZUNOGLU MEHMET
1812,AU=UZUNOGLU MEHMET
1813,AU=PAZARLIOGLU MEHMET
1814,AU=VURAL MEHMET
1815,AU=YAKUT MEHMET
1816,AU=YAMAN MEHMET
1817,AU=SEKER MEHMET
1818,AU=YAZICI MEHMET
1819,AU=YAZICI MEHMET
1820,AU=YENITERZI MEHMET
1821,AU=YILDIRIM MEHMET
1822,AU=YILMAZ MEHMET
1823,AU=YILMAZ MEHMET
1824,AU=YUCEL MEHMET
1825,AU=ZENCIR MEHMET
1826,AU=YILMAZ MEHMET
1827,AU=CABUK MEHMET
1828,AU=CARDAK MEHMET
1829,AU=CEBER MEHMET
1830,AU=CELIKBILEK MEHMET
1831,AU=CETE MEHMET
1832,AU=COBAN MEHMET
1833,AU=COLAK MEHMET
1834,AU=COLAKOGLU MEHMET
1835,AU=ONDER MEHMET
1836,AU=OZ MEHMET
1837,AU=OZBILGIN MEHMET
1838,AU=OZCAN MEHMET
1839,AU=OZDAMAR MEHMET
1840,AU=OZEL MEHMET
1841,AU=ULGER MEHMET
1842,AU=UNLU MEHMET
1843,AU=TURAN MEHMET
1844,AU=ILI MEHMET
1845,AU=INCI MEHMET
1846,AU=SAHIN MEHMET
1847,AU=SENEL MEHMET
1848,AU=SENGONUL MEHMET
1849,AU=SENGUL MEHMET
1850,AU=ARSLAN MEHMET
1851,AU=IGCI MEHRI
1852,AU=KORUCU MEHTAP
1853,AU=TATAR MEHTAP
1854,AU=YIGIN MEHTAP
1855,AU=GURGEN MELAHAT
1856,AU=YAMAN MELDA
1857,AU=BULUT MELEK
1858,AU=GOREGENLI MELEK
1859,AU=CETINKAYA MELEK
1860,AU=INCI MELEK
1861,AU=KARS MELTEM
1862,AU=BORUBAN MELIH
1863,AU=ERKAN MELIH
1864,AU=YUKSEL MELIH
1865,AU=BAKIRCI MELIKE
1866,AU=SENGUL MELIKE
1867,AU=ULU MELIKE
1868,AU=ISIK MEMET
1869,AU=KILDIRAN MENDERES
1870,AU=COSKUN MENDERES
1871,AU=MALKOC MERAL
1872,AU=CAMCI MERAL
1873,AU=GURBUZ MERAL
1874,AU=SERVI MERAL
1875,AU=SULAK MERAL
1876,AU=KURDOGLU MERTIHAN
1877,AU=KOIZHAIGANOVA MERUYERT
1878,AU=SEKER MERYAM
1879,AU=GENCER MERYEM
1880,AU=ERYILMAZ MESUR
1881,AU=ALBEN MESUT
1882,AU=AYDIN MESUT
1883,AU=DURAT MESUT
1884,AU=ERDAL MESUT
1885,AU=ERDURMUS MESUT
1886,AU=GARIPARDIC MESUT
1887,AU=GORUR MESUT
1888,AU=HAZIR MESUT
1889,AU=KESKIN MESUT
1890,AU=KILIC MESUT
1891,AU=KOAN MESUT
1892,AU=SIMSEK MESUT
1893,AU=KARAYEL METE
1894,AU=GUMUS METEHAN
1895,AU=AKBULUT METIN
1896,AU=AKDAG METIN
1897,AU=ALTIOK METIN
1898,AU=AYTEKIN METIN
1899,AU=DEVECI METIN
1900,AU=DIGRAK METIN
1901,AU=DOGAN METIN
1902,AU=DURU METIN
1903,AU=GULER METIN
1904,AU=KABA METIN
1905,AU=KERTMEN METIN
1906,AU=MERIC METIN
1907,AU=TEMEL METIN
1908,AU=ULUKOY METIN
1909,AU=YILMAZ METIN
1910,AU=OZTURK METIN
1911,AU=OZDEMIR MEVCI
1912,AU=TUNC MEVLUNT
1913,AU=ARAS MEVLUT
1914,AU=DEMIROZU MEVLUT
1915,AU=DOGAN MEVLUT
1916,AU=KARAOGLU MEVLUT
1917,AU=KURT MEVLUT
1918,AU=YAPRAK MEVLUT
1919,AU=CELIKOGLU MEVLUT
1920,AU=IKBAL MEVLUT
1921,AU=YILMAZ MHMET
1922,AU=OZKAN MUAMMED
1923,AU=ALTOK MUAMMER
1924,AU=CENGIZ MUAMMER
1925,AU=DOGAN MUAMMER
1926,AU=GUL MUAMMER
1927,AU=KAVANOZ MUAMMER
1928,AU=TILKI MUAMMER
1929,AU=OZGOREN MUAMMER
1930,AU=OZTURK MUAMMER
1931,AU=AYVAZ MUAVVIZ
1932,AU=GUNGOREN MUAZ
1933,AU=CETINER MUAZZEZ
1934,AU=HOSNUTER MUBIN
1935,AU=ASLAN MUHAMMED
1936,AU=AYDIN MUHAMMED
1937,AU=ERCETIN MUHAMMED
1938,AU=ATILA MUHAMMED
1939,AU=TURAN MUHAMMED
1940,AU=KIZILTUNC MUHAMMED
1941,AU=OZLEN MUHAMMED
1942,AU=DEMIR MUHAMMED
1943,AU=OYLUMLU MUHAMMED
1944,AU=SARIKAYA MUHAMMED
1945,AU=BAYINDIR MUHAMMED
1946,AU=KIR MUHAMMED
1947,AU=CINKAYA MUHAMMED
1948,AU=CICEK MUHAMMED
1949,AU=KARA MUHAMMED
1950,AU=AKAYDIN MUHAMMET
1951,AU=ALTUNOK MUHAMMET
1952,AU=DURAN MUHAMMET
1953,AU=ARIK MUHAMMET
1954,AU=CERIT MUHAMMET
1955,AU=DERVISOGLU MUHAMMET
1956,AU=KOSE MUHAMMET
1957,AU=ALKAYIS MUHAMMET
1958,AU=GENC MUHAMMET
1959,AU=CINSDIKICI MUHAMMET
1960,AU=ISIKLAN MUHAMMET
1961,AU=CAYCI MUHAMMET
1962,AU=KOCAK MUHAMMET
1963,AU=KUZUBAS MUHAMMET
1964,AU=KOKSAL MUHAMMET
1965,AU=ARSLAN MUHAMMET
1966,AU=SERVI MUHAMMET
1967,AU=USAK MUHAMMET
1968,AU=YALCIN MUHAMMET
1969,AU=KAHRAMAN MUHAMMET
1970,AU=AKSU MUHAMMET
1971,AU=SAKIROGLU MUHAMMET
1972,AU=PAKSU MUHAMMET
1973,AU=AKSU MUHARREM
1974,AU=AKTAS MUHARREM
1975,AU=AKTUMEN MUHARREM
1976,AU=DURAN MUHARREM
1977,AU=GENCTURK MUHARREM
1978,AU=KAYA MUHARREM
1979,AU=KAYA MUHARREM
1980,AU=VAROL MUHARREM
1981,AU=YILDIZ MUHARREM
1982,AU=INAN MUHARREM
1983,AU=UYAR MUHEMMET
1984,AU=BAGDIGEN MUHLIS
1985,AU=CAN MUHLIS
1986,AU=SARIDEDE MUHLIS
1987,AU=SAVAS MUHMMET
1988,AU=CELIK MUHSIN
1989,AU=OZDEM MUHSIN
1990,AU=OZDEMIR MUHSIN
1991,AU=BAGCI MUHIDDIN
1992,AU=AKUL MUHITTIN
1993,AU=KARAKAYA MUHITTIN
1994,AU=ASLANKURT MURAT
1995,AU=ATAR MURAT
1996,AU=ATES MURAT
1997,AU=ATIK MURAT
1998,AU=ATIS MURAT
1999,AU=AYAN MURAT
2000,AU=AYDEMIR MURAT
2001,AU=AYDIN MURAT
2002,AU=AYDIN MURAT
2003,AU=AYDIN MURAT
2004,AU=BAKIS MURAT
2005,AU=BALCI MURAT
2006,AU=BAGLIBEL MURAT
2007,AU=BIRICIK MURAT
2008,AU=CANKURT MURAT
2009,AU=DAMAR MURAT
2010,AU=DOGAN MURAT
2011,AU=DUNDAR MURAT
2012,AU=DIRLIKLI MURAT
2013,AU=EMEKSIZ MURAT
2014,AU=ERDOGAN MURAT
2015,AU=ERDURAN MURAT
2016,AU=ERSOZ MURAT
2017,AU=GORGULU MURAT
2018,AU=GUNAYDIN MURAT
2019,AU=HOKELEK MURAT
2020,AU=YARIKTAS MURAT
2021,AU=KAHVECI MURAT
2022,AU=KAPAN MURAT
2023,AU=KAPSIZ MURAT
2024,AU=KARA MURAT
2025,AU=KARAGOZ MURAT
2026,AU=KARAGOZ MURAT
2027,AU=KARAHAN MURAT
2028,AU=KARCIOGLU MURAT
2029,AU=KAYA MURAT
2030,AU=KECE MURAT
2031,AU=KIZIL MURAT
2032,AU=KOYUNCU MURAT
2033,AU=KUCUKTUFEKCI MURAT
2034,AU=KIRACI MURAT
2035,AU=NAVRUZ MURAT
2036,AU=OKTAY MURAT
2037,AU=ORTANCA MURAT
2038,AU=SARI MURAT
2039,AU=SARITEMUR MURAT
2040,AU=SAVAS MURAT
2041,AU=SAYILI MURAT
2042,AU=SEVER MURAT
2043,AU=SEVINC MURAT
2044,AU=SEVINC MURAT
2045,AU=SEYMEN MURAT
2046,AU=TURNA MURAT
2047,AU=ULUDAG MURAT
2048,AU=UYSAL MURAT
2049,AU=YANIK MURAT
2050,AU=YILDAR MURAT
2051,AU=YILDIZ MURAT
2052,AU=YILDIZ MURAT
2053,AU=YUCE MURAT
2054,AU=YUCE MURAT
2055,AU=YUKSEL MURAT
2056,AU=CAKIROGLU MURAT
2057,AU=CAGLAROGLU MURAT
2058,AU=CELEBI MURAT
2059,AU=CITIR MURAT
2060,AU=COBANER MURAT
2061,AU=COSAR MURAT
2062,AU=CIMENCAN MURAT
2063,AU=OZBAY MURAT
2064,AU=OZEL MURAT
2065,AU=OZOGLU MURAT
2066,AU=OZSARAC MURAT
2067,AU=OZSAKER MURAT
2068,AU=UNALACAK MURAT
2069,AU=ISCAN MURAT
2070,AU=SAT MURAT
2071,AU=SEREFLICAN MURAT
2072,AU=KAYIM MURATHAN
2073,AU=KOSE MURTAZA
2074,AU=AVCI MUSA
2075,AU=AKCE MUSA
2076,AU=AYDIN MUSA
2077,AU=UCAN MUSA
2078,AU=GUNAY MUSA
2079,AU=ASYALI MUSA
2080,AU=GULCUR MUSA
2081,AU=SAGLAM MUSA
2082,AU=YIGIN MUSA
2083,AU=ZORLU MUSA
2084,AU=CAKICI MUSA
2085,AU=CAPKIN MUSA
2086,AU=OKSUZ MUSA
2087,AU=OZBAY MUSA
2088,AU=YUCE MUSAFA
2089,AU=ACAR MUSTAFA
2090,AU=AKCAY MUSTAFA
2091,AU=SARIYILDIZ MUSTAFA
2092,AU=ALDEMIR MUSTAFA
2093,AU=ANAR MUSTAFA
2094,AU=ARIKAN MUSTAFA
2095,AU=ATASOY MUSTAFA
2096,AU=AKDEMIR MUSTAFA
2097,AU=AYDIN MUSTAFA
2098,AU=BAKIR MUSTAFA
2099,AU=BAYTAR MUSTAFA
2100,AU=BASER MUSTAFA
2101,AU=BENEKLI MUSTAFA
2102,AU=BIRINCIOGLU MUSTAFA
2103,AU=BICER MUSTAFA
2104,AU=CEMEK MUSTAFA
2105,AU=KARACADAG MUSTAFA
2106,AU=CENGIZ MUSTAFA
2107,AU=IZGI MUSTAFA
2108,AU=HOSCOSKUN MUSTAFA
2109,AU=DEMETGUL MUSTAFA
2110,AU=DEMIR MUSTAFA
2111,AU=DEMIRCI MUSTAFA
2112,AU=DEMIRCI MUSTAFA
2113,AU=DEMIREL MUSTAFA
2114,AU=DENIZ MUSTAFA
2115,AU=YILDIRIM MUSTAFA
2116,AU=DOGAN MUSTAFA
2117,AU=DURMAN MUSTAFA
2118,AU=DURMUS MUSTAFA
2119,AU=DONMEZ MUSTAFA
2120,AU=ERAYMAN MUSTAFA
2121,AU=ERBOGA MUSTAFA
2122,AU=EROL MUSTAFA
2123,AU=ERSOZ MUSTAFA
2124,AU=USMAN MUSTAFA
2125,AU=GOLCU MUSTAFA
2126,AU=GUL MUSTAFA
2127,AU=GUNES MUSTAFA
2128,AU=GUVEN MUSTAFA
2129,AU=GUVEN MUSTAFA
2130,AU=DINCKAL MUSTAFA
2131,AU=ERTAN MUSTAFA
2132,AU=SUCAKLI MUSTAFA
2133,AU=HOPAC MUSTAFA
2134,AU=HOTAMISLI MUSTAFA
2135,AU=IRAZ MUSTAFA
2136,AU=ISIK MUSTAFA
2137,AU=ALTUNDAG MUSTAFA
2138,AU=KALAFAT MUSTAFA
2139,AU=KALAY MUSTAFA
2140,AU=KAPLANOGLU MUSTAFA
2141,AU=KARA MUSTAFA
2142,AU=KARABULUT MUSTAFA
2143,AU=KARAPIRLI MUSTAFA
2144,AU=KARATAS MUSTAFA
2145,AU=KAVACIK MUSTAFA
2146,AU=KAYIK MUSTAFA
2147,AU=KAYMAKCI MUSTAFA
2148,AU=KELEN MUSTAFA
2149,AU=COSKUN MUSTAFA
2150,AU=DEMIRCI MUSTAFA
2151,AU=ISMAN MUSTAFA
2152,AU=KINSIZ MUSTAFA
2153,AU=KOYUNCU MUSTAFA
2154,AU=KULAC MUSTAFA
2155,AU=KURT MUSTAFA
2156,AU=KURT MUSTAFA
2157,AU=KURUL MUSTAFA
2158,AU=KUTANIS MUSTAFA
2159,AU=KOKSAL MUSTAFA
2160,AU=KUCUKAYDIN MUSTAFA
2161,AU=KUCUKONER MUSTAFA
2162,AU=KIRKIT MUSTAFA
2163,AU=LAMAN MUSTAFA
2164,AU=MAMAK MUSTAFA
2165,AU=TATLI MUSTAFA
2166,AU=MENCUTEKIN MUSTAFA
2167,AU=ARIKAN MUSTAFA
2168,AU=METIN MUSTAFA
2169,AU=ATANAK MUSTAFA
2170,AU=MUJDECI MUSTAFA
2171,AU=MUSTA MUSTAFA
2172,AU=OBAY MUSTAFA
2173,AU=OFLAZ MUSTAFA
2174,AU=OGUZ MUSTAFA
2175,AU=SINEMILLIOGLU MUSTAFA
2176,AU=SAMANCIOGLU MUSTAFA
2177,AU=SARICA MUSTAFA
2178,AU=SACAR MUSTAFA
2179,AU=SAGIR MUSTAFA
2180,AU=SEKMEN MUSTAFA
2181,AU=YAVUZ MUSTAFA
2182,AU=SELCUK MUSTAFA
2183,AU=KARA MUSTAFA
2184,AU=KEMALOGLU MUSTAFA
2185,AU=KARAKAS MUSTAFA
2186,AU=SERINKEN MUSTAFA
2187,AU=SUNBUL MUSTAFA
2188,AU=TEKPINAR MUSTAFA
2189,AU=TEKIN MUSTAFA
2190,AU=ERDEM MUSTAFA
2191,AU=BALTA MUSTAFA
2192,AU=TOPARLI MUSTAFA
2193,AU=TURKAL MUSTAFA
2194,AU=TUTAK MUSTAFA
2195,AU=GOKTAS MUSTAFA
2196,AU=TURKMEN MUSTAFA
2197,AU=TIMUR MUSTAFA
2198,AU=ULASLI MUSTAFA
2199,AU=UZKESER MUSTAFA
2200,AU=UGURLU MUSTAFA
2201,AU=VEKLI MUSTAFA
2202,AU=YAPRAK MUSTAFA
2203,AU=YAZICI MUSTAFA
2204,AU=YESILYURT MUSTAFA
2205,AU=YILDIRIM MUSTAFA
2206,AU=YILDIRIM MUSTAFA
2207,AU=YILDIRIM MUSTAFA
2208,AU=YILDIZ MUSTAFA
2209,AU=YILMAZ MUSTAFA
2210,AU=YILMAZ MUSTAFA
2211,AU=YURTTUTAR MUSTAFA
2212,AU=ZINCIRKIRAN MUSTAFA
2213,AU=CAMAS MUSTAFA
2214,AU=CATIR MUSTAFA
2215,AU=CEKER MUSTAFA
2216,AU=CELIK MUSTAFA
2217,AU=OKMEN MUSTAFA
2218,AU=ONDER MUSTAFA
2219,AU=OZ MUSTAFA
2220,AU=OZBAYRAK MUSTAFA
2221,AU=OZDEN MUSTAFA
2222,AU=OZDEN MUSTAFA
2223,AU=OZEN MUSTAFA
2224,AU=OZGEN MUSTAFA
2225,AU=OZSAHIN MUSTAFA
2226,AU=ULKER MUSTAFA
2227,AU=UNAL MUSTAFA
2228,AU=IZMIRLI MUSTAFA
2229,AU=SAHAN MUSTAFA
2230,AU=SENER MUSTAFA
2231,AU=SENGUN MUSTAFA
2232,AU=ARAS MUTAN
2233,AU=ADAK MUTLU
2234,AU=DAGLIOGLU MUTLU
2235,AU=AYDEMIR MUZAFFER
2236,AU=DOGAN MUZAFFER
2237,AU=ERDOGAN MUZAFFER
2238,AU=ERDOGAN MUZAFFER
2239,AU=MALKOC MUZAFFER
2240,AU=SARIAYDIN MUZAFFER
2241,AU=TOPCU MUZAFFER
2242,AU=TANRIOVEN MUGDESEM
2243,AU=ARPACI MUCAHIT
2244,AU=EMET MUCAHIT
2245,AU=OZCELIK MUCAHIT
2246,AU=UNAL MUCAHIT
2247,AU=OZDEMIR MUKERREM
2248,AU=GURE MULAYIM
2249,AU=NAZLI MUMTAZ
2250,AU=AKMAZ MUNTEHA
2251,AU=CERRAHOGLU MUNIR
2252,AU=KARABEKIR MUNIRE
2253,AU=AKYUZ MURSEL
2254,AU=ATA MURSEL
2255,AU=DAVARCI MURSEL
2256,AU=GURSES MURSEL
2257,AU=CEPNI MURSEL
2258,AU=TUFAN MURSIT
2259,AU=DEMIR MUSLIM
2260,AU=IZMIRLI MUZEYYEN
2261,AU=ALTAN MIKAIL
2262,AU=SOYLEMEZ MIKAIL
2263,AU=TURKKAHRAMAN MIMAR
2264,AU=BEK MINE
2265,AU=SIMSEK MINE
2266,AU=KISACIKOGLU MITHAT
2267,AU=GUNAYDIN MITHAT
2268,AU=YAYLAGUL MIYASE
2269,AU=AKCAY MIGRAC
2270,AU=TOPALOGLU NACI
2271,AU=KARKINER NADIDE
2272,AU=GOKSUGUR NADIR
2273,AU=YILMAZ NAFIYE
2274,AU=ARSLAN NAGEHAN
2275,AU=SARI NAGIHAN
2276,AU=DELIBAS NAMIK
2277,AU=HATIPOGLU NAMIK
2278,AU=KARABIBER NAMIK
2279,AU=COSKUN NART
2280,AU=AYDN NASUHI
2281,AU=KERIMOV NAZIM
2282,AU=ISLAM NAZIR
2283,AU=ATASOY NAZMI
2284,AU=YASITLI NAZMI
2285,AU=CETIN NAZMI
2286,AU=KERVAN NAZMIYE
2287,AU=KARAGOZOGLU NAZIKE
2288,AU=YILMAZ NAZIRE
2289,AU=BILMEDI NAIF
2290,AU=GUNEY NAIL
2291,AU=BILGIN NCEDET
2292,AU=YILMAZ NEBI
2293,AU=BOZKURT NECATI
2294,AU=HIRCA NECATI
2295,AU=KOCYIGIT NECATI
2296,AU=SALTEK NECDET
2297,AU=ERTURK NECLA
2298,AU=AYDIN NECMEDDIN
2299,AU=ERDOGAN NECMETTIN
2300,AU=KILINC NECMETTIN
2301,AU=PENABGUL NECMETTIN
2302,AU=ARSLAN NECMI
2303,AU=BIYIKLI NECMI
2304,AU=GOKAY NECMI
2305,AU=DEMIRCI NEDRET
2306,AU=ELMAS NEDRET
2307,AU=TEIK NEDIM
2308,AU=KARAKAYA NEJDET
2309,AU=SIMSEK NEJDET
2310,AU=GULTEPE NEJLA
2311,AU=KURUL NEJLA
2312,AU=KIYMAZ NEJMI
2313,AU=CORDUK NERGUL
2314,AU=CELIK NERMIN
2315,AU=BARUT NESLI
2316,AU=BAYRAK NESLIHAN
2317,AU=BULUT NESLIHAN
2318,AU=KADIKOYLU NESLIHAN
2319,AU=ATCI NESRIN
2320,AU=GURSAN NESRIN
2321,AU=ANDIRAN NESIBI
2322,AU=KARABULUT NEVZA
2323,AU=DAMLA NEVZAT
2324,AU=TARIM NEVZAT
2325,AU=TUZCU NEVIN
2326,AU=SARIBOGA NEZAKET
2327,AU=ONDUL NEZIHA
2328,AU=AKGUL NESE
2329,AU=AKAR NESET
2330,AU=DEMIRCI NESET
2331,AU=YILDIZ NUERTTIN
2332,AU=KONUK NUMAN
2333,AU=YUKSEL NUMAN
2334,AU=OZEN NUMAN
2335,AU=CELIK NUR
2336,AU=KAYABASI NURAN
2337,AU=BUYUKBERBER NURAY
2338,AU=MEMIS NURAY
2339,AU=KAHRAMAN NURCAN
2340,AU=ATA NURCAN
2341,AU=PAZARLIOGLU NURDAN
2342,AU=AYDEMIR NURDANE
2343,AU=TOMBAK NURDOGAN
2344,AU=VAN NUREDDIN
2345,AU=CELIMLI NUREDDIN
2346,AU=BILGEN NURETTIN
2347,AU=DOGAN NURETTIN
2348,AU=ISMAN NURETTIN
2349,AU=KUZHAN NURETTIN
2350,AU=SAVAS NURETTIN
2351,AU=YOREK NURETTIN
2352,AU=OZKOKELI NURETTIN
2353,AU=OZTURK NURETTIN
2354,AU=IBRAHIMOGLU NURETTIN
2355,AU=SENYER NURETTIN
2356,AU=ATMACA NURGUL
2357,AU=BOZKURT NURGUL
2358,AU=TANKUT NURGUL
2359,AU=YAGIZ NURKAN
2360,AU=SAHIN NURSEL
2361,AU=AKSOY NURTEN
2362,AU=AKKOC NURULLAH
2363,AU=ALTUN NURULLAH
2364,AU=ANKARALIOGLU NURULLAH
2365,AU=KAYA NURULLAH
2366,AU=KAYISOGLU NURULLAH
2367,AU=KOKSAL NURULLAH
2368,AU=TABAKCI NURULLAH
2369,AU=AYDOGDU NURI
2370,AU=BOZALI NURI
2371,AU=KIRAZ NURI
2372,AU=OK NURI
2373,AU=COLAK NUSRET
2374,AU=BAYINDIR NIDA
2375,AU=BOZ NIHAT
2376,AU=KAYA NIHAT
2377,AU=YAZILITAS NIHAT
2378,AU=YAGMUR NIHAT
2379,AU=YILMAZ NIHAT
2380,AU=CETINKAYA NIHAT
2381,AU=ILHAN NIHAT
2382,AU=SEN NIHAT
2383,AU=LODOGLU NILAY
2384,AU=SAMANCI NILAY
2385,AU=USTUN NILGUL
2386,AU=ERDEM NILGUN
2387,AU=KILINC NILGUN
2388,AU=ATALAY NILGUN
2389,AU=KOCA NILUFER
2390,AU=KORKMAZ NILUFER
2391,AU=ILHAN NILUFER
2392,AU=KAHYA NIMET
2393,AU=ERDOGAN NIYAZI
2394,AU=KILIC NIYAZI
2395,AU=ODABASIOGLU NIYAZI
2396,AU=KOC OKAN
2397,AU=SAGLAMBILEN OKAN
2398,AU=SOLAK OKAN
2399,AU=DEMIRDAG OKTAY
2400,AU=OZTURK OKTAY
2401,AU=HATIPOGLU OKTAY
2402,AU=SARI OKTAY
2403,AU=OKSUZLER OKTAY
2404,AU=ESER OLCAY
2405,AU=HISAR OLCAY
2406,AU=KARAATLI OLCAY
2407,AU=KURSUN OLCAY
2408,AU=SINAN OLCAY
2409,AU=HAMZAOGLU ONUR
2410,AU=NANE ONUR
2411,AU=OKTAY ONUR
2412,AU=SOKUCU ORAL
2413,AU=ADIGUZEL ORHAN
2414,AU=AKMAN ORHAN
2415,AU=ATES ORHAN
2416,AU=BOZOGLAN ORHAN
2417,AU=DOGDU ORHAN
2418,AU=ER ORHAN
2419,AU=FILIZ ORHAN
2420,AU=GOZENELI ORHAN
2421,AU=GUNAY ORHAN
2422,AU=KARATAS ORHAN
2423,AU=KARPUZ ORHAN
2424,AU=KOCAK ORHAN
2425,AU=SARIKAYA ORHAN
2426,AU=TEZCAN ORHAN
2427,AU=TOKGOZ ORHAN
2428,AU=OZKAN ORHAN
2429,AU=CELTIKCI ORHAN
2430,AU=OZBEK ORHAN
2431,AU=UNAL ORHAN
2432,AU=ZORBA ORHAN
2433,AU=ALKILINC ORUC
2434,AU=ABALI OSMAN
2435,AU=ETOZ OSMAN
2436,AU=BARAK OSMAN
2437,AU=BILGEN OSMAN
2438,AU=BILGIN OSMAN
2439,AU=CANKO OSMAN
2440,AU=CENET OSMAN
2441,AU=DOLU OSMAN
2442,AU=YILDIZ OSMAN
2443,AU=EGRI OSMAN
2444,AU=GENC OSMAN
2445,AU=GOKALP OSMAN
2446,AU=GUNER OSMAN
2447,AU=LEBLEBICIOGLU OSMAN
2448,AU=KABAKCILI OSMAN
2449,AU=KARABACAK OSMAN
2450,AU=KULAK OSMAN
2451,AU=ORAL OSMAN
2452,AU=SALIS OSMAN
2453,AU=SULAK OSMAN
2454,AU=TEMIZOZ OSMAN
2455,AU=TOPAC OSMAN
2456,AU=VIRIT OSMAN
2457,AU=YILDIRIM OSMAN
2458,AU=YUKSEL OSMAN
2459,AU=SAHIN OSMAN
2460,AU=OZDEMIR OSMAN
2461,AU=ULKER OSMAN
2462,AU=UNAL OSMAN
2463,AU=SAHIN OSMAN
2464,AU=SISMAN OSMAN
2465,AU=SARI OYA
2466,AU=ALKOC OZAN
2467,AU=BALAKAN OZAN
2468,AU=YAY OZAN
2469,AU=OZEN OGUZ
2470,AU=BURNAZ OGUZ
2471,AU=CINCIOGLU OGUZ
2472,AU=ERDOGAN OGUZ
2473,AU=KARAHAN OGUZ
2474,AU=KAYMAKCI OGUZ
2475,AU=TEKELIOGLU OGUZ
2476,AU=BASIBUYUK OGUZHAN
2477,AU=DINCEL OGUZHAN
2478,AU=DEMIR OGUZHAN
2479,AU=BUCAKTEPE PAKIZE
2480,AU=BAYRAM PARVANA
2481,AU=YALCINOGLU PELIN
2482,AU=ULUS PERVIN
2483,AU=SEKMEN PERIHAN
2484,AU=ECEVITOGLU PINAR
2485,AU=OZUGUZ PINAR
2486,AU=ARSLAN RAMAZAN
2487,AU=BALCI RAMAZAN
2488,AU=BASTURK RAMAZAN
2489,AU=BOZKURT RAMAZAN
2490,AU=BUYUKKAYA RAMAZAN
2491,AU=DERDIMAN RAMAZAN
2492,AU=DAVRAN RAMAZAN
2493,AU=DURAN RAMAZAN
2494,AU=GULENDAM RAMAZAN
2495,AU=GUN RAMAZAN
2496,AU=GUNAY RAMAZAN
2497,AU=KARANFIL RAMAZAN
2498,AU=KAYIKCI RAMAZAN
2499,AU=KAYNAK RAMAZAN
2500,AU=KILIC RAMAZAN
2501,AU=KILICARSLAN RAMAZAN
2502,AU=KOCABAS RAMAZAN
2503,AU=KOZAN RAMAZAN
2504,AU=KURT RAMAZAN
2505,AU=MEMISOGULLARI RAMAZAN
2506,AU=MERT RAMAZAN
2507,AU=TURKMEN RAMAZAN
2508,AU=USLU RAMAZAN
2509,AU=UYGUR RAMAZAN
2510,AU=YAGCI RAMAZAN
2511,AU=YILDIZ RAMAZAN
2512,AU=ZENGIN RAMAZAN
2513,AU=CELIK RAMAZAN
2514,AU=COSKUN RAMAZAN
2515,AU=SANLI RAMAZAN
2516,AU=PARMAKSIZ RAMAZAN
2517,AU=AKKAYA RANA
2518,AU=KUTANIS RANA
2519,AU=MOHAMMAD RASHID
2520,AU=GUL RAUF
2521,AU=KURT RAZIYE
2522,AU=KURTARAN RAIF
2523,AU=ATA RASIT
2524,AU=ERSOY RASIT
2525,AU=AKCAN RECEP
2526,AU=AKGEDIK RECEP
2527,AU=ALP RECEP
2528,AU=BAYRAM RECEP
2529,AU=BILICAN RECEP
2530,AU=BIRCAN RECEP
2531,AU=DEMIR RECEP
2532,AU=DOKUYUCU RECEP
2533,AU=DUZGUN RECEP
2534,AU=KARA RECEP
2535,AU=KILIC RECEP
2536,AU=KILIC RECEP
2537,AU=KOCAK RECEP
2538,AU=KUTLUBAY RECEP
2539,AU=NISANCI RECEP
2540,AU=SUTCU RECEP
2541,AU=UYSAL RECEP
2542,AU=VARDI RECEP
2543,AU=YENITEPE RECEP
2544,AU=OZTAS RECEP
2545,AU=UYANOZ REFIK
2546,AU=DEMIREL REHA
2547,AU=YILMAZ REHA
2548,AU=ALTIN REMZI
2549,AU=GEMCI REMZI
2550,AU=YILMAZ REMZI
2551,AU=YIGITER REMZI
2552,AU=CATALBAS RESUL
2553,AU=OGUREL REYHAN
2554,AU=UNLU RESAT
2555,AU=OZARAS RESAT
2556,AU=KOKEN RESIT
2557,AU=SAY RIDAVN
2558,AU=BAYIRLI RIDVAN
2559,AU=CITIL RIDVAN
2560,AU=AKIS RIFAT
2561,AU=SEZER RIFAT
2562,AU=BAGCI RIZA
2563,AU=GURBUZ RIZA
2564,AU=KARASEN RIZA
2565,AU=CELIK ROMEDI
2566,AU=HAYAT RUSTEM
2567,AU=KURBAN RIFAT
2568,AU=LACINER SAADET
2569,AU=KEKLIK SAADETIN
2570,AU=EYIGUN SABRI
2571,AU=HERGUNER SABRI
2572,AU=KAYA SABRI
2573,AU=ZINCIRKESER SABRI
2574,AU=ALICI SABIHA
2575,AU=KUTLUHAN SABIT
2576,AU=KOSE SACIT
2577,AU=SARI SADETTIN
2578,AU=BUYUKBAS SADIK
2579,AU=SOGUT SADIK
2580,AU=UCAR SADIK
2581,AU=SAGLAM SADULLAH
2582,AU=KARAMAN SAFA
2583,AU=SEN SAFFET
2584,AU=KOKSAL SAKIP
2585,AU=AKCAY SALAHEDDIN
2586,AU=AKYEL SALIH
2587,AU=DEMIREL SALIH
2588,AU=GORGUNOGLU SALIH
2589,AU=KUK SALIH
2590,AU=MUTLU SALIH
2591,AU=OKUR SALIH
2592,AU=SEYHAN SALIH
2593,AU=TORUN SALIH
2594,AU=YALCINBAS SALIH
2595,AU=YILDIRIM SALIH
2596,AU=YILMAZ SALIH
2597,AU=CELEBIOGLU SALIH
2598,AU=CELIK SALIH
2599,AU=COSKUN SALIH
2600,AU=OZ SALIH
2601,AU=OZGOCMEN SALIH
2602,AU=ILHAN SALIH
2603,AU=INAL SALIH
2604,AU=KARATAY SALIHA
2605,AU=DONMEZ SALIM
2606,AU=YUCE SALIM
2607,AU=SAHIN SALIM
2608,AU=KUVAT SAMET
2609,AU=OZER SAMET
2610,AU=KARAHAN SAMI
2611,AU=TABAN SAMI
2612,AU=BULUT SANCAR
2613,AU=TEKIN SATI
2614,AU=ALPAY SAVAS
2615,AU=ACIKKAYA SAVAS
2616,AU=OZSU SAVAS
2617,AU=KARABULUT SAVAS
2618,AU=KURT SAVAS
2619,AU=SARIKAYA SAVAS
2620,AU=ALGAN SAID
2621,AU=ALMA SAIDE
2622,AU=ARI SAIM
2623,AU=BASKAN SAIM
2624,AU=ALAN SAIT
2625,AU=ERER SAIT
2626,AU=SAN SAIT
2627,AU=TUZEL SAIT
2628,AU=CELIK SAIT
2629,AU=AKKAYA SEBAHAT
2630,AU=TURGUT SEBAHAT
2631,AU=AGLADIOGLU SEBAHAT
2632,AU=ALBAYRAK SEBAHATTIN
2633,AU=GULTEKIN SEBAHATTIN
2634,AU=TAS SEBAHATTIN
2635,AU=CELIK SEBAT
2636,AU=OZKAN SEBIHA
2637,AU=AZAKLI SEDA
2638,AU=BOZGIL SEDA
2639,AU=OZBEK SEDA
2640,AU=AKAR SEDAT
2641,AU=TUNCEL SEDAT
2642,AU=ATMACA SEDAT
2643,AU=AGAN SEDAT
2644,AU=GUVEN SEDAT
2645,AU=KARABULUT SEDAT
2646,AU=KILINCASLAN SEDAT
2647,AU=LACINER SEDAT
2648,AU=MOTOR SEDAT
2649,AU=TELCEKEN SEDAT
2650,AU=YUMUSAK SEDAT
2651,AU=CETIN SEDAT
2652,AU=BAYHAN SEDEN
2653,AU=AKKUCUK SEECKIN
2654,AU=DUNDAR SEFA
2655,AU=GULTURK SEFA
2656,AU=SEKIN SEFA
2657,AU=BILGIN SEFAI
2658,AU=KULA SEHER
2659,AU=ALBAYRAK SELAHATTIN
2660,AU=BEKMEZ SELAHATTIN
2661,AU=EROL SELAHATTIN
2662,AU=TURAN SELAHATTIN
2663,AU=CITCI SELAHATTIN
2664,AU=OZCELIK SELAHATTIN
2665,AU=DUMAN SELAMI
2666,AU=DUMAN SELAMI
2667,AU=ERDOGAN SELEME
2668,AU=SINAN SELMA
2669,AU=YAZICI SELMA
2670,AU=UGUZ SELMAN
2671,AU=KELEKCI SELVI
2672,AU=AKBAS SELCUK
2673,AU=AKTURK SELCUK
2674,AU=ERKAYA SELCUK
2675,AU=KARA SELCUK
2676,AU=KAYA SELCUK
2677,AU=KERVAN SELCUK
2678,AU=REIS SELCUK
2679,AU=TOPRAK SELCUK
2680,AU=UYGUN SELCUK
2681,AU=UCAR SELCUK
2682,AU=YAVUZ SELCUK
2683,AU=YILDIRIM SELCUK
2684,AU=COLAKOGLU SELCUK
2685,AU=ILHAN SELCUK
2686,AU=BOZKURT SELIM
2687,AU=DOGANAY SELIM
2688,AU=KORTUNAY SELIM
2689,AU=YILMAZ SELIM
2690,AU=EREN SELIM
2691,AU=ERGUL SELIM
2692,AU=TOKMAK SELIM
2693,AU=UZUNOGLU SELIM
2694,AU=CAKMAKLI SELIM
2695,AU=OZDEMIR SELIM
2696,AU=OZEN SELIM
2697,AU=KORTUNAY SEMRA
2698,AU=CELIK SEMRA
2699,AU=AFYON SEMIH
2700,AU=ARICI SEMIH
2701,AU=BILGE SEMIH
2702,AU=CEKIC SEMIN
2703,AU=ONCU SEMIRAL
2704,AU=ARASAN SERACETTIN
2705,AU=SIMAVLI SERAP
2706,AU=SAHIN SERAP
2707,AU=YILDIRIM SERAP
2708,AU=BILICI SERBEST
2709,AU=BALCI SERDAL
2710,AU=AKTAS SERDAR
2711,AU=ATILGAN SERDAR
2712,AU=AZTEKIN SERDAR
2713,AU=BALCI SERDAR
2714,AU=BEKTAS SERDAR
2715,AU=GUVENC SERDAR
2716,AU=DEGIRMENCIOGLU SERDAR
2717,AU=ORUC SERDAR
2718,AU=SAKIN SERDAR
2719,AU=TOKER SERDAR
2720,AU=BAYRAKTAR SERDAR
2721,AU=OZKASAP SERDAR
2722,AU=OZTUZCU SERDAR
2723,AU=ULKER SERDAR
2724,AU=SIVGIN SERDAR
2725,AU=AYDIN SERGULEN
2726,AU=DERIN SERHAN
2727,AU=DEMIRER SERHAT
2728,AU=ERCAN SERHAT
2729,AU=MERTOGLU SERHAT
2730,AU=TANIK SERHAT
2731,AU=AYDIN SERKAN
2732,AU=BALTA SERKAN
2733,AU=BAYRAKTAROGLU SERKAN
2734,AU=BOYAR SERKAN
2735,AU=ELCIN SERKAN
2736,AU=ERDAL SERKAN
2737,AU=KARATAS SERKAN
2738,AU=KIRBAS SERKAN
2739,AU=KURTGOZ SERKAN
2740,AU=PERKMEN SERKAN
2741,AU=CAKIR SERKAN
2742,AU=OZTURK SERKAN
2743,AU=SAHIN SERKAN
2744,AU=SENOL SERKAN
2745,AU=ALTAY SERPIL
2746,AU=KOCAMAN SERPIL
2747,AU=YAGCI SERVER
2748,AU=DEMIR SERVET
2749,AU=KACAR SEVAL
2750,AU=BULDUK SEVDA
2751,AU=SEZER SEVGI
2752,AU=YUCA SEVIL
2753,AU=GOKSUGUR SEVIL
2754,AU=KAMALI SEVIL
2755,AU=OZEN SEVILAY
2756,AU=BERTLEK SEYDI
2757,AU=OKUMUS SEYDI
2758,AU=KOKLU SEYFETTIN
2759,AU=TURKMEN SEYFULLAH
2760,AU=EMIR SEYFI
2761,AU=SARGIN SEYIT
2762,AU=KOSE SEYIT
2763,AU=DELIDUMAN SEYITHAN
2764,AU=CAKMAK SEYITHAN
2765,AU=APILIOGULLARI SEZA
2766,AU=KALAFAT SEZAI
2767,AU=TEMELLI SEZAI
2768,AU=SASMAZ SEZAI
2769,AU=OCAK SEZEN
2770,AU=KISA SEZER
2771,AU=OZSOY SECKIN
2772,AU=ARSLAN SIDDIK
2773,AU=KUTSAL SIDDIK
2774,AU=MALKOC SIDDIK
2775,AU=BAYTAK SITKI
2776,AU=DUMAN SITKI
2777,AU=ERMIS SITKI
2778,AU=CORBACIOGLU SITKI
2779,AU=AKKOC SONER
2780,AU=GIREN SONGUL
2781,AU=ACAR SRDAR
2782,AU=ASKIN SUAT
2783,AU=KESKIN SUAT
2784,AU=SOYDEMIR SUAT
2785,AU=ZEYREK SUAT
2786,AU=BISKIN SULTAN
2787,AU=KABA SULTAN
2788,AU=KURT SULTAN
2789,AU=BASAK SUNA
2790,AU=SACAN SUNAY
2791,AU=SACAR SUZAN
2792,AU=YAZICI SUZAN
2793,AU=KARAKUS SUZAN
2794,AU=AYHAN SUZI
2795,AU=ARSLAN SONMEZ
2796,AU=PAMUK SONMEZ
2797,AU=DIKICI SUBER
2798,AU=ZOROGLU SULEMAN
2799,AU=CARSANCAKLI SULEYMAN
2800,AU=ALTINTAS SULEYMAN
2801,AU=AYDIN SULEYMAN
2802,AU=AYVAZ SULEYMAN
2803,AU=BASLAR SULEYMAN
2804,AU=BOREKCI SULEYMAN
2805,AU=BUYUKBERBER SULEYMAN
2806,AU=CENGIZ SULEYMAN
2807,AU=CENKCI SULEYMAN
2808,AU=DEMIR SULEYMAN
2809,AU=DEMIRCI SULEYMAN
2810,AU=ERCAN SULEYMAN
2811,AU=GOREN SULEYMAN
2812,AU=SEVILGEN SULEYMAN
2813,AU=SAHIN SULEYMAN
2814,AU=KAHRAMAN SULEYMAN
2815,AU=KARACELIL SULEYMAN
2816,AU=KARSLI SULEYMAN
2817,AU=KAVAK SULEYMAN
2818,AU=KIZIL SULEYMAN
2819,AU=SARIBAS SULEYMAN
2820,AU=SEMIZ SULEYMAN
2821,AU=SEYDI SULEYMAN
2822,AU=TERZIOGLU SULEYMAN
2823,AU=SIVRI SULEYMAN
2824,AU=TURK SULEYMAN
2825,AU=ULUTURK SULEYMAN
2826,AU=YAZAR SULEYMAN
2827,AU=YUKSEL SULEYMAN
2828,AU=CAKICI SULEYMAN
2829,AU=CELIK SULEYMAN
2830,AU=OZEREN SULEYMAN
2831,AU=ULGER SULEYMAN
2832,AU=IC SULEYMAN
2833,AU=SIMSEK SULEYMAN
2834,AU=KOCTURK SUMEYRA
2835,AU=BAHSI SUMEYYE
2836,AU=KARACABEY SUREYYA
2837,AU=UNAL SUZAN
2838,AU=AYIK SIBEL
2839,AU=DOGRU SIBEL
2840,AU=DIKMEN SIBEL
2841,AU=PERCINEL SIBEL
2842,AU=AYDIN SINAN
2843,AU=KOCAMAN SINAN
2844,AU=SARISOY SINAN
2845,AU=TAN SINAN
2846,AU=TOZOGLU SINAN
2847,AU=TUNCEL SINAN
2848,AU=ULU SINAN
2849,AU=YASAR SINAN
2850,AU=YORUK SINAN
2851,AU=CIFTCI SINAN
2852,AU=CITCI SINAN
2853,AU=OZGELEN SINAN
2854,AU=KOSEOGLU SINEM
2855,AU=GOKCESID SINEM
2856,AU=AZERI SIYAVES
2857,AU=YILDIRIM TACETTIN
2858,AU=ORNEK TACETTIN
2859,AU=KARAMAN TAHA
2860,AU=BOYRAZ TAHSIN
2861,AU=DELICAY TAHSIN
2862,AU=SOGUT TAHSIN
2863,AU=YAKUT TAHSIN
2864,AU=YILDIRIM TAHSIN
2865,AU=AYATA TAHIR
2866,AU=SEVINC TAHIR
2867,AU=OZKAN TAHIR
2868,AU=ARTUN TALAT
2869,AU=KAHYAOGLU TALIP
2870,AU=CEVIK TALIP
2871,AU=ALISKAN TAMER
2872,AU=BASKAL TAMER
2873,AU=UCAR TAMER
2874,AU=COSKUN TAMER
2875,AU=UYSAL TANCAN
2876,AU=ARSLAN TANER
2877,AU=TOPAL TANER
2878,AU=OZBENLI TANER
2879,AU=ULUCAY TARIK
2880,AU=KORUCU TAYFUN
2881,AU=KOC TAYLAN
2882,AU=KARGIN TAYYIBE
2883,AU=OZDES TASKIN
2884,AU=INAN TASKIN
2885,AU=BAGLAM TEKIN
2886,AU=TAS TEKIN
2887,AU=BAYRAK TEMEL
2888,AU=DEMIREL TEOMAN
2889,AU=AYSU TEVFIK
2890,AU=DEMIRCI TEVFIK
2891,AU=GUNES TEVFIK
2892,AU=ONGAN TEVFIK
2893,AU=PINAR TEVFIK
2894,AU=YAVUZ TEVFIK
2895,AU=ZIYPAK TEVFIK
2896,AU=DURNA TEZCAN
2897,AU=PARALI TEZCAN
2898,AU=ATAY TOLGA
2899,AU=KABACA TOLGA
2900,AU=TOREN TOLGA
2901,AU=ARI TUBA
2902,AU=EJDER TUBA
2903,AU=KARABOGA TUBA
2904,AU=KIYAN TUBA
2905,AU=TEMEL TUBA
2906,AU=AYTAC TUFAN
2907,AU=BAL TUFAN
2908,AU=KUZPINARI TUFAN
2909,AU=ATALAY TUGAY
2910,AU=OZGISI TUNCA
2911,AU=DELIBASI TUNCAY
2912,AU=DURNA TUNCAY
2913,AU=KAMAS TUNCAY
2914,AU=KANER TUNCAY
2915,AU=DEMIR TUNCER
2916,AU=KILIC TUNCER
2917,AU=GEYIKLI TURABI
2918,AU=AKTAS TURAN
2919,AU=BATAR TURAN
2920,AU=KARACA TURAN
2921,AU=YAZICILAR TURAN
2922,AU=TEMUR TURAN
2923,AU=USLU TURAN
2924,AU=CALBAN TURAN
2925,AU=CELEB TURAN
2926,AU=ISIK TURGAY
2927,AU=POLAT TURGAY
2928,AU=TAY TURGAY
2929,AU=TEKINAY TURGAY
2930,AU=UNIVERSITYER TURGAY
2931,AU=YAZAR TURGAY
2932,AU=GOKSU TURGUT
2933,AU=KOCATURK TURGUT
2934,AU=YELOGLU TURGUT
2935,AU=GULSAR TUGBA
2936,AU=SARISAHIN TUGBA
2937,AU=YANIK TUGRUL
2938,AU=BORAN TUGCE
2939,AU=YENICERI TULAY
2940,AU=OZLU TULAY
2941,AU=SAGLAM TULIN
2942,AU=GUVEN TUMER
2943,AU=SERT TIJEN
2944,AU=AYHAN TIMUR
2945,AU=KESKINTURK TIMUR
2946,AU=TEZEL TIMUR
2947,AU=AYDOGAN TIMUCIN
2948,AU=DOGUC UFUK
2949,AU=DURNA UFUK
2950,AU=TAS UFUK
2951,AU=OZUGUZ UFUK
2952,AU=CAGATAY ULUC
2953,AU=ARIOZ UMUT
2954,AU=GULACTI UMUT
2955,AU=GOLGE UMUT
2956,AU=ERDOGAN UTKU
2957,AU=SAYIN UTKU
2958,AU=KERMAN UYSAL
2959,AU=ACAR UGUR
2960,AU=BAYTUN UGUR
2961,AU=CAMCI UGUR
2962,AU=FIRAT UGUR
2963,AU=GOKTAS UGUR
2964,AU=KADAK UGUR
2965,AU=KARA UGUR
2966,AU=KARAAGAC UGUR
2967,AU=KOLTUKSUZ UGUR
2968,AU=YILDIRIM UGUR
2969,AU=CAKIR UGUR
2970,AU=CAKIR UGUR
2971,AU=COSKUN UGUR
2972,AU=COMLEKCIOGLU UGUR
2973,AU=OZCAN UGUR
2974,AU=OGUSGIL VAHAP
2975,AU=OVACI VAHAP
2976,AU=SARICICEK VAHAP
2977,AU=AYTEKIN VAHIT
2978,AU=KAPLANOGLU VAHIT
2979,AU=TANE VAHIT
2980,AU=ARSLAN VASFI
2981,AU=ARI VEDAT
2982,AU=BAL VEDAT
2983,AU=DAL VEDAT
2984,AU=DAVUTOGLU VEDAT
2985,AU=DEMIR VEDAT
2986,AU=OZCAN VEDAT
2987,AU=KARTALCIK VEDAT
2988,AU=LACINER VEDAT
2989,AU=KARSLI VEDAT
2990,AU=SIAP VEDAT
2991,AU=AKSOY VELI
2992,AU=GORGEN VELI
2993,AU=BERK VELI
2994,AU=DENIZ VELI
2995,AU=GOK VELI
2996,AU=KARAGOZ VELI
2997,AU=MERT VELI
2998,AU=TURKMENOGLU VELI
2999,AU=UGURCU VELI
3000,AU=YILDIRIM VELI
3001,AU=CAGLAR VELI
3002,AU=CITISLI VELI
3003,AU=OZTURK VELI
3004,AU=ASOGLU VEYSEL
3005,AU=AYHAN VEYSEL
3006,AU=AGCA VEYSEL
3007,AU=DEMIR VEYSEL
3008,AU=ERGIN VEYSEL
3009,AU=KUSCU VEYSEL
3010,AU=NARGUL VEYSEL
3011,AU=OKUMUS VEYSI
3012,AU=ONER VEYSI
3013,AU=OZTURK VEYSI
3014,AU=ERTURK VOLKAN
3015,AU=SOLMAZ VOLKAN
3016,AU=SENYUREK VOLKAN
3017,AU=BOSNAK VUSLAT
3018,AU=MOTOR VICDAN
3019,AU=ZORBA YAHYA
3020,AU=YASAR YAHYA
3021,AU=CELIK YAHYA
3022,AU=ISLAMOGLU YAHYA
3023,AU=EGERCIOGLU YAKUP
3024,AU=GONEN YAKUP
3025,AU=KESKIN YAKUP
3026,AU=SEKMEN YAKUP
3027,AU=TURKEL YAKUP
3028,AU=UMUCU YAKUP
3029,AU=YILDIRIM YAKUP
3030,AU=BAY YALCIN
3031,AU=BAS YALCIN
3032,AU=GOLCUK YALCIN
3033,AU=YESIL YALCIN
3034,AU=COPUR YALCIN
3035,AU=ALPER YASEMIN
3036,AU=BULUT YASEMIN
3037,AU=KAYMAKCI YASEMIN
3038,AU=GULUM YASEMIN
3039,AU=ISIK YASEMIN
3040,AU=BALCI YASEMIN
3041,AU=KARACA YASEMIN
3042,AU=TEKIN YASEMIN
3043,AU=SOYORAL YASEMIN
3044,AU=OZGUN YASEMIN
3045,AU=ABUL YASIN
3046,AU=ASLAN YASIN
3047,AU=ATAC YASIN
3048,AU=AVCI YASIN
3049,AU=BEZ YASIN
3050,AU=BULUT YASIN
3051,AU=KARADAG YASIN
3052,AU=KIRILMIS YASIN
3053,AU=SARI YASIN
3054,AU=SARIKAYA YASIN
3055,AU=KARAKUS YASIN
3056,AU=YAYLAR YASIN
3057,AU=GULEN YASIR
3058,AU=AKBAS YAVUZ
3059,AU=GUNES YAVUZ
3060,AU=KAPLAN YAVUZ
3061,AU=SALIHOGLU YAVUZ
3062,AU=SELIM YAVUZ
3063,AU=TAMA YAVUZ
3064,AU=SOYDAN YAVUZ
3065,AU=UYAR YAVUZ
3066,AU=UGURLU YAVUZ
3067,AU=ADIGUZELLI YASAR
3068,AU=BOYACI YASAR
3069,AU=DURMAZ YASAR
3070,AU=ERTURK YASAR
3071,AU=KARAASLAN YASAR
3072,AU=KOSAR YASAR
3073,AU=USLU YASAR
3074,AU=SEKER YASAR
3075,AU=SEN YASAR
3076,AU=AYDIN YENER
3077,AU=ACLAN YENER
3078,AU=OZTURK YENER
3079,AU=CEKICEL YESIM
3080,AU=KALKAN YILDIRAY
3081,AU=KESKIN YILDIRAY
3082,AU=SISMAN YILDIRAY
3083,AU=AKSOY YILMAZ
3084,AU=AKYUZ YILMAZ
3085,AU=ARI YILMAZ
3086,AU=KAYA YILMAZ
3087,AU=KILIC YILMAZ
3088,AU=KIROGLU YILMAZ
3089,AU=PALANCI YILMAZ
3090,AU=POLAT YILMAZ
3091,AU=POLAT YILMAZ
3092,AU=SAGLAM YILMAZ
3093,AU=TURGUT YILMAZ
3094,AU=ZENGIN YILMAZ
3095,AU=OZMEN YILMAZ
3096,AU=AYATA YUNUS
3097,AU=DOGAN YUNUS
3098,AU=EKIN YUNUS
3099,AU=UCAN YUNUS
3100,AU=YANDI YUNUS
3101,AU=KARAKUYU YUNUS
3102,AU=YILMAZ YUNUS
3103,AU=UGAN YUNUS
3104,AU=YILDIRIM YUNUS
3105,AU=YILMAZ YUNUS
3106,AU=CENGELOGLU YUNUS
3107,AU=OZKANLAR YUNUSEMRE
3108,AU=KARACA YUNIS
3109,AU=ARIKAN YUSUF
3110,AU=ATALAY YUSUF
3111,AU=AY YUSUF
3112,AU=AYDIN YUSUF
3113,AU=DEMIR YUSUF
3114,AU=DEMIR YUSUF
3115,AU=DENIZ YUSUF
3116,AU=ESER YUSUF
3117,AU=GUNER YUSUF
3118,AU=GUNES YUSUF
3119,AU=KARAASLAN YUSUF
3120,AU=KESKIN YUSUF
3121,AU=KILINC YUSUF
3122,AU=KOC YUSUF
3123,AU=KOCAK YUSUF
3124,AU=MACIT YUSUF
3125,AU=OYSAL YUSUF
3126,AU=PACAL YUSUF
3127,AU=SAGIR YUSUF
3128,AU=SEZEN YUSUF
3129,AU=SOFUOGLU YUSUF
3130,AU=SOYUPEK YUSUF
3131,AU=TAVIL YUSUF
3132,AU=TIRASCI YUSUF
3133,AU=TOPAL YUSUF
3134,AU=TURAN YUSUF
3135,AU=AYDOGDU YUSUF
3136,AU=YESIL YUSUF
3137,AU=YUCEL YUSUF
3138,AU=AKPINAR YUSUF
3139,AU=IGCI YUSUF
3140,AU=CETINDAG YUSUF
3141,AU=OZKAN YUSUF
3142,AU=OZCOBAN YUSUF
3143,AU=ALIHANOGLU YUSUF
3144,AU=SAHHIN YUSUF
3145,AU=ASLAN YUCE
3146,AU=BASEGIT YUCEL
3147,AU=DEMIRCI YUCEL
3148,AU=DEMIRER YUCEL
3149,AU=GONUL YUCEL
3150,AU=YAVUZ YUCEL
3151,AU=CENESIZ YUCEL
3152,AU=BOLEK YUKSEL
3153,AU=ELA YUKSEL
3154,AU=ISIK YUKSEL
3155,AU=KORKMAZ YUKSEL
3156,AU=KOKSAL YUKSEL
3157,AU=KOSEOGLU YUKSEL
3158,AU=SAYAN YUKSEL
3159,AU=TASKIN YUKSEL
3160,AU=YILDIZ YUKSEL
3161,AU=OZBAY YUKSEL
3162,AU=ACER ZABIT
3163,AU=AKAN ZAFER
3164,AU=AKPINAR ZAFER
3165,AU=AYVAZ ZAFER
3166,AU=DOGAN ZAFER
3167,AU=GURLER ZAFER
3168,AU=GUZEY ZAFER
3169,AU=SARI ZAFER
3170,AU=UYAR ZAFER
3171,AU=YILDIZ ZAFER
3172,AU=YONDEN ZAFER
3173,AU=CETINKAYA ZAFER
3174,AU=GUL ZAKIR
3175,AU=KARADAG ZAKIR
3176,AU=EDISAN ZEHRA
3177,AU=EKINCI ZEHRA
3178,AU=GUL ZEHRA
3179,AU=HASILOGLU ZEHRA
3180,AU=ERSOZLU ZEHRA
3181,AU=YASAR ZEHRA
3182,AU=SENGUL ZEHRA
3183,AU=AKMAN ZEKERIYA
3184,AU=DOGRUYOL ZEKERIYA
3185,AU=KAYA ZEKERIYA
3186,AU=KUCUKDURMAZ ZEKERIYA
3187,AU=ULGER ZEKERIYA
3188,AU=ARSLANOGLU ZEKI
3189,AU=DEMIRCI ZEKI
3190,AU=HALIS ZEKI
3191,AU=KANAY ZEKI
3192,AU=KARACA ZEKI
3193,AU=KARAKAYA ZEKI
3194,AU=TUNAY ZEKI
3195,AU=UYANIK ZEKI
3196,AU=YILDIRIM ZEKI
3197,AU=EKINCI ZELAL
3198,AU=ACAR ZELIHA
3199,AU=ETOZ ZELIHA
3200,AU=KAYAALTI ZELIHA
3201,AU=GUNES ZELIHA
3202,AU=ZENGINERLER ZEMINE
3203,AU=SAHIN ZERRIN
3204,AU=INCI ZERIFE
3205,AU=BARKOT ZEYNEP
3206,AU=HATTATOGLU ZEYNEP
3207,AU=EMEKSIZ ZEYNEP
3208,AU=GINIS ZEYNEP
3209,AU=KIVILCIM ZEYNEP
3210,AU=AKKURT ZEYNEP
3211,AU=AKKILIK ZEYNEP
3212,AU=TASCI ZEYNEP
3213,AU=ATILGAN ZUHAL
3214,AU=TOKER ZUHAL
3215,AU=ULUKOK ZUBEYDE
3216,AU=BOZDAG ZUBEYIR
3217,AU=KILIC ZUBEYIR
3218,AU=ARIKANOGLU ZULFU
3219,AU=BAYHAN ZULFU
3220,AU=BOZGEYIK ZULKIF
3221,AU=KAYA ZIYA
3222,AU=CETINER ZIYA
3223,AU=OZKECECI ZIYA
3224,AU=SEN ZIYA
3225,AU=AKTOP ZIYAEDDEIN
3226,AU=SUVARI CAKIR
3227,AU=CETINKAYA CAGLAR
3228,AU=SAKALAR CAGRI
3229,AU=DOGAR CETIN
3230,AU=ERDOGAN CETIN
3231,AU=KARACA CETIN
3232,AU=SUMER CETIN
3233,AU=VEYSAL CETIN
3234,AU=DULGERGIL CORUH
3235,AU=ATALAY CISE
3236,AU=YAMANER CIGDEM
3237,AU=AKYOL OMER
3238,AU=ALICI OMER
3239,AU=AYDIN OMER
3240,AU=BAYRAK OMER
3241,AU=BAYRAM OMER
3242,AU=BASAR OMER
3243,AU=CEVIT OMER
3244,AU=DEMIRTAS OMER
3245,AU=DEMIRTAS OMER
3246,AU=EROGLU OMER
3247,AU=EVIRGEN OMER
3248,AU=KOKOGLU OMER
3249,AU=SELAMET OMER
3250,AU=VURAL OMER
3251,AU=OZEKEN OMER
3252,AU=UNAL OMER
3253,AU=FARUKNOYAN OMER
3254,AU=GECICI OMER
3255,AU=KARAKAS OMER
3256,AU=KARATAS OMER
3257,AU=KURT OMER
3258,AU=MERMER OMER
3259,AU=PAMUK OMER
3260,AU=SAGLAM OMER
3261,AU=SOLAK OMER
3262,AU=SOYKASAP OMER
3263,AU=ULUKAPI OMER
3264,AU=UYSAL OMER
3265,AU=UCAR OMER
3266,AU=YAZGAN OMER
3267,AU=YILDIZ OMER
3268,AU=YILMAZ OMER
3269,AU=CAKIR OMER
3270,AU=CALKA OMER
3271,AU=CELIK OMER
3272,AU=OZBULUT OMER
3273,AU=OZKAN OMER
3274,AU=SAYLI OMER
3275,AU=SISE OMER
3276,AU=AKCI ONDER
3277,AU=BARLI ONDER
3278,AU=ERCAN ONDER
3279,AU=KARAKUS ONDER
3280,AU=YILDIZ ONDER
3281,AU=OZTURK ONDER
3282,AU=SAHIN ONDER
3283,AU=AYNIOGLU ONER
3284,AU=OZKAN OZALKAN
3285,AU=GULES OZAY
3286,AU=ASILKAN OZCAN
3287,AU=DEVECI OZCAN
3288,AU=OTKUN OZCAN
3289,AU=CAKIR OZCAN
3290,AU=OZEN OZCAN
3291,AU=OZTURK OZCAN
3292,AU=CETIN OZDEMIR
3293,AU=TALO OZER
3294,AU=KORKMAZ OZGEN
3295,AU=ALDEMIR OZGUR
3296,AU=ARPACI OZGUR
3297,AU=DEMIRTAS OZGUR
3298,AU=ERAKKUS OZGUR
3299,AU=KARABAG OZGUR
3300,AU=MUFTUOGLU OZGUR
3301,AU=OZDAMAR OZGUR
3302,AU=OZMEN OZGUR
3303,AU=OZTURK OZGUR
3304,AU=OZTURK OZGUR
3305,AU=ILDES OZGUR
3306,AU=ILHAN OZGUR
3307,AU=KAYACAN OZHAN
3308,AU=BAGCI OZKAN
3309,AU=GUNER OZKAN
3310,AU=VURAL OZKAN
3311,AU=CEGIL OZKAN
3312,AU=SIMSEK OZKAN
3313,AU=ABAKAY OZLEM
3314,AU=ALBAYRAK OZLEM
3315,AU=BILGIC OZLEM
3316,AU=FEDAI OZLEM
3317,AU=ISIK OZLEM
3318,AU=AKKAR OZLEM
3319,AU=SOLAK OZLEM
3320,AU=CAKMAK OZLEM
3321,AU=COSKUN OZLEM
3322,AU=KARAKUS OZLEM
3323,AU=OZKAN OZLEM
3324,AU=SENGUL OZLEM
3325,AU=KARAKOYUN OZUR
3326,AU=CORUMLUOGLU OZSEN
3327,AU=TANOR OGET
3328,AU=DOGANAY ULKU
3329,AU=OZAN ULKU
3330,AU=YASAR ULKUHAN
3331,AU=AVSAR UMMU
3332,AU=TOZOGLU UMMUHAN
3333,AU=DAGLI UMMUHAN
3334,AU=HARPUT UMMUHAN
3335,AU=YILMAZ UMMIHAN
3336,AU=AVSAR UMIT
3337,AU=BICER UMIT
3338,AU=GUL UMIT
3339,AU=KARADEMIR UMIT
3340,AU=KOC UMIT
3341,AU=KURSUN UMIT
3342,AU=COPOGLU UMIT
3343,AU=TOTUR UMIT
3344,AU=YASAR UMIT
3345,AU=TEKELIOGLU UMIT
3346,AU=OZKAN UMIT
3347,AU=INAN UMIT
3348,AU=SENER UMIT
3349,AU=ADIGUZEL UNAL
3350,AU=BILIR UNAL
3351,AU=ULUCA UNAL
3352,AU=YILDIRIM UNAL
3353,AU=ZAL UNAL
3354,AU=SEN UNAL
3355,AU=SENEL UNAL
3356,AU=OGURLU UZEYIR
3357,AU=ALTUN IBRAHIM
3358,AU=AKPINAR IBRAHIM
3359,AU=ARSLAN IBRAHIM
3360,AU=BARAN IBRAHIM
3361,AU=BUDAK IBRAHIM
3362,AU=BILGIN IBRAHIM
3363,AU=CAN IBRAHIM
3364,AU=DAMLAR IBRAHIM
3365,AU=DEMIR IBRAHIM
3366,AU=DORUK IBRAHIM
3367,AU=ERBAGCI IBRAHIM
3368,AU=ERCAN IBRAHIM
3369,AU=ERDOGAN IBRAHIM
3370,AU=EREN IBRAHIM
3371,AU=KARABABA IBRAHIM
3372,AU=HEPSEN IBRAHIM
3373,AU=GELINCIK IBRAHIM
3374,AU=GULER IBRAHIM
3375,AU=GUNGOR IBRAHIM
3376,AU=HABACI IBRAHIM
3377,AU=OZTURK IBRAHIM
3378,AU=TASDEMIR IBRAHIM
3379,AU=KAYA IBRAHIM
3380,AU=KELES IBRAHIM
3381,AU=KIR IBRAHIM
3382,AU=ONAL IBRAHIM
3383,AU=KOSE IBRAHIM
3384,AU=OCAK IBRAHIM
3385,AU=SARI IBRAHIM
3386,AU=ARDIC IBRAHIM
3387,AU=SONMEZ IBRAHIM
3388,AU=TEGIN IBRAHIM
3389,AU=TOBI IBRAHIM
3390,AU=TURKYILMAZ IBRAHIM
3391,AU=UCAR IBRAHIM
3392,AU=YAKUT IBRAHIM
3393,AU=USLU IBRAHIM
3394,AU=CETINER IBRAHIM
3395,AU=OZBEK IBRAHIM
3396,AU=KABOGLU IBRAHIM
3397,AU=OZDOGRU IBRAHIM
3398,AU=OZTURK IBRAHIM
3399,AU=SAHIN IBRAHIM
3400,AU=SAHIN IBRAHIM
3401,AU=SEHITOGLU IBRAHIM
3402,AU=IBRAHIMORUNG IBRAHIMORUNG
3403,AU=KUCUKKIRCA ICLAL
3404,AU=BULUT ICLAL
3405,AU=ARDIC IDRIS
3406,AU=ARSLAN IDRIS
3407,AU=ERDEM IDRIS
3408,AU=SARI IDRIS
3409,AU=CERKEZ IDRIS
3410,AU=CEYLAN IDIL
3411,AU=CIRAK IFFET
3412,AU=ALUR IHSAN
3413,AU=BAKIR IHSAN
3414,AU=BAL IHSAN
3415,AU=BIRECIKLI IHSAN
3416,AU=KIRIK IHSAN
3417,AU=AKPINAR IHSAN
3418,AU=SATIS IHSAN
3419,AU=TASKIN IHSAN
3420,AU=DOLAPCI IHSAN
3421,AU=YUCE IHSAN
3422,AU=CACAN IHSAN
3423,AU=CELIK IHSAN
3424,AU=UNALDI IHSAN
3425,AU=USTUN IHSAN
3426,AU=SENTURK IHSAN
3427,AU=EGE ILHAMI
3428,AU=SOLAK ILHAMI
3429,AU=YUKSEL ILHAMI
3430,AU=ASILTURK ILHAN
3431,AU=BOLUKOGLU ILHAN
3432,AU=KARABICAK ILHAN
3433,AU=KAYA ILHAN
3434,AU=KACIRE ILHAN
3435,AU=PEKGOZLU ILHAN
3436,AU=TAN ILHAN
3437,AU=TAPAN ILHAN
3438,AU=TOPUZ ILHAN
3439,AU=UZGEL ILHAN
3440,AU=BOZKURT ILKAY
3441,AU=BAYRAM ILKER
3442,AU=SEN ILKER
3443,AU=UGULU ILKER
3444,AU=AYDINKAYA ILKER
3445,AU=EROL ILKNUR
3446,AU=ISIK ILKNUR
3447,AU=DEMIR IMDAT
3448,AU=AKMAN INCI
3449,AU=ALTUNTAS IRFAN
3450,AU=ATESOGLU IRFAN
3451,AU=ACIKGOZ IRFAN
3452,AU=BULU IRFAN
3453,AU=DEGIRMENCI IRFAN
3454,AU=ESER IRFAN
3455,AU=KOCA IRFAN
3456,AU=KUSCU IRFAN
3457,AU=MUKUL IRFAN
3458,AU=UCGUN IRFAN
3459,AU=YILMAZ IRFAN
3460,AU=SAKA IRFAN
3461,AU=SIAP IRFAN
3462,AU=BALDEMIR ISA
3463,AU=DONER ISA
3464,AU=SIYPAK ISA
3465,AU=TASDELEN ISHAK
3466,AU=PARMAKSIZ ISKENDER
3467,AU=ACAR ISMAIL
3468,AU=AKKAS ISMAIL
3469,AU=AKSOY ISMAIL
3470,AU=AKTAR ISMAIL
3471,AU=ALBAYRAK ISMAIL
3472,AU=ALTUNCU ISMAIL
3473,AU=ARSEL ISMAIL
3474,AU=ARSLAN ISMAIL
3475,AU=ERDEN ISMAIL
3476,AU=BOYACI ISMAIL
3477,AU=BOYRAZ ISMAIL
3478,AU=CAPAR ISMAIL
3479,AU=DEMIR ISMAIL
3480,AU=DOGAN ISMAIL
3481,AU=GUNES ISMAIL
3482,AU=EREN ISMAIL
3483,AU=ERMIS ISMAIL
3484,AU=ERTURK ISMAIL
3485,AU=GUL ISMAIL
3486,AU=GULCU ISMAIL
3487,AU=UZUN ISMAIL
3488,AU=UGURTAS ISMAIL
3489,AU=KARA ISMAIL
3490,AU=KATI ISMAIL
3491,AU=KENAR ISMAIL
3492,AU=KURNAZ ISMAIL
3493,AU=KURT ISMAIL
3494,AU=KOKSAL ISMAIL
3495,AU=KULAHLI ISMAIL
3496,AU=MANGALTEPE ISMAIL
3497,AU=MARULCU ISMAIL
3498,AU=METIN ISMAIL
3499,AU=DOGAN ISMAIL
3500,AU=UCUN ISMAIL
3501,AU=ULUTAS ISMAIL
3502,AU=ULUCAY ISMAIL
3503,AU=VANLI ISMAIL
3504,AU=YILDIZ ISMAIL
3505,AU=YUKSEL ISMAIL
3506,AU=CAKIR ISMAIL
3507,AU=UYSAL ISMAIL
3508,AU=OZDEMIR ISMAIL
3509,AU=OZTURK ISMAIL
3510,AU=SAHIN ISMAIL
3511,AU=SAHIN ISMAIL
3512,AU=SENER ISMAIL
3513,AU=AKCA ISMET
3514,AU=BASARAN ISMET
3515,AU=BINER ISMET
3516,AU=DURAN ISMET
3517,AU=GOCER ISMET
3518,AU=OZDEMIR ISMET
3519,AU=OZTURK ISMET
3520,AU=SANLI ISMET
3521,AU=BABACAN ISRAFIL
3522,AU=DOS IZZET
3523,AU=LOFCA IZZET
3524,AU=CICEKBILEK IZZET
3525,AU=GUCLU SABAN
3526,AU=TEZCAN SABAN
3527,AU=CETIN SABAN
3528,AU=AYDIN SADI
3529,AU=BARANOGLU SAHIN
3530,AU=BATMAZ SAKIR
3531,AU=YILMAZ SAZIYE
3532,AU=AKSOY SEFIKA
3533,AU=EKIM SEFIKA
3534,AU=KARACA SEMSETTIN
3535,AU=ULUSAL SEMSETTIN
3536,AU=SAHIN SEMSETTIN
3537,AU=KARABUGA SEMISTAN
3538,AU=TASDEMIR SENER
3539,AU=ULUDAG SENER
3540,AU=CELIK SENGUL
3541,AU=SISE SENGUL
3542,AU=OZDEMIR SENNUR
3543,AU=OKAY SENOL
3544,AU=AYKUT SEREF
3545,AU=KURT SEREF
3546,AU=OKUDUCU SEREF
3547,AU=OLGAR SEREF
3548,AU=POYRAZ SEREF
