,Author,NoPapers
3,YUCE ABDULHAKIM,0
7,CEKIN ABDULKADIR,0
19,KIRAN ABDULLAH,0
23,TUNCER ABDULLAH,0
24,MUTLU ABDULLAH,0
26,POS ABDULLAH,0
29,YORDEM ABDULLAH,0
30,TARIKULU ABDULLAH,0
35,OZTURK ABDURAHMAN,0
37,DALGIC ABDURRAHMAN,0
45,ELDEMIR ABDURRAHIM,0
52,UGU ABDULHADI,0
54,ISIK ABDULKADIR,0
57,KARSLI ABDURRAHIM,0
58,ARTIS ABDUSSELAM,0
61,EREN ADEM,0
69,KORUKCU ADEM,0
80,BARUT ADNAN,0
84,GURBUZ ADNAN,0
90,BUCAKTEPE ADIL,0
93,OKSUZ ADIL,0
95,KARAVELIOGLU AFKA,0
97,GUMUSCU AHHMET,0
98,AGIR AHME,0
99,AYAC AHME,0
108,ATLI AHMET,0
116,BESKAYA AHMET,0
117,BIYIK AHMET,0
123,YENIDUNYA AHMET,0
129,DUVAN AHMET,0
164,PIINAR AHMET,0
168,OZCIVAN AHMET,0
172,PEKCAN AHMET,0
174,DIZKIRICI AHMET,0
179,TEMIZYUREK AHMET,0
195,YONEM AHMET,0
202,CINI AHMET,0
210,OGRETEN AHMET,0
211,DUNDAR AHMET,0
216,KABLAMACI AHSEN,0
223,CELIK AKIN,0
230,RENCBER AKIF,0
233,DIKMEN ALAATTIN,0
236,ILGEN ALDULKADIR,0
249,KUCUKDURMAZ ALPER,0
253,YIGIT ALPER,0
255,ACILAR ALI,0
270,BORA ALI,0
284,ALAC ALI,0
285,ERZURUMLUOGLU ALI,0
323,SEYYAR ALI,0
324,SICAK ALI,0
325,GUMUS ALI,0
343,KAYTAZ ALI,0
350,AYDIN ALIHAN,0
352,GUR ALIM,0
354,KIYAK ALIYE,0
356,KAYACIER AMED,0
358,YONDEN ARZU,0
362,DAGLI ARIF,0
368,ULU ARIF,0
380,CINCIOGLU ASUMAN,0
382,TIGLI ASIYE,0
383,ARI ATEM,0
384,ERKAL ATILA,0
385,GUNEY ATILLA,0
389,DURMUSOGLU ATIYE,0
401,UDAK AYFER,0
403,GUNEY AYHAN,0
405,SELCUK AYHAN,0
407,TERGIP AYHAN,0
412,DEMIRKOL AYHMET,0
413,COBAN AYKUT,0
416,OZUGURLU AYNUR,0
430,DERINGOZ AYSE,0
432,BALKAN AYSE,0
435,ALPKAYA AYSE,0
436,YILGOR AYSE,0
437,HOWISON AYSE,0
447,KIZILKAN AYSE,0
449,KALKAN AYSEGUL,0
451,KURNAZ AYSEGUL,0
452,AYSEUMUL AYSEUMUL,0
453,ULUDAG AYSEUL,0
456,ASAN AZIZ,0
466,ORENC ASIR,0
467,YILDIRIM ASKIN,0
469,OZDEMIR ASUR,0
470,GUNEY BAHA,0
473,TANTAY BAHADIR,0
480,SARITAS BAKI,0
482,ALTAN BANU,0
485,IZGI BANU,0
487,COREKCI BARAM,0
494,ALKAWASMEI BASSAM,0
498,ABALI BAYRAM,0
500,ERZURUMLUOGLU BAYRAM,0
502,KOKSAL BAYRAM,0
505,BAYRAKTAR BEDIZ,0
509,GUNAY BEKIR,0
511,KOLE BEKIR,0
516,CAKILDERE BEKIR,0
518,CENGELCI BEKIR,0
523,OZDEMIR BESIME,0
527,OKUTAN BETUL,0
528,YARAR BETUL,0
529,ISKENDER BETUL,0
530,SEYHAN BEYAZIT,0
532,KURT BEYZA,0
534,GOZUBENLI BESIR,0
535,ALTUNTOP BESIR,0
537,TANYERI BUKET,0
543,OGUZTURK BURCU,0
546,KABADAYI BURHAN,0
554,DURU BULENT,0
559,KILAVUZ BULENT,0
564,YAVUZ BULENT,0
572,ALTINOLUK BULNET,0
581,SOZUTOK BUNYAMIN,0
584,SAVAS BILAL,0
585,TEMIZ BILAL,0
588,YORULMAZ BILAL,0
590,SINIK BILAL,0
595,YILMAZ BINNAZ,0
602,DOGAN CABIR,0
604,ULU CAFER,0
612,SAHIN CANAY,0
615,DINCER CANER,0
616,TOKUC CANER,0
617,GUNER CANSEVER,0
625,BAYKARA CELALETTIN,0
626,KARADAS CELALETTIN,0
633,BALTACI CEMAL,0
636,ISIK CEMAL,0
642,DEMIRELI CEMALETTIN,0
643,BULBUL CEMIL,0
646,SAHIN CEMIL,0
649,BASAK CENGIZ,0
653,ERDIK CENGIZ,0
656,ORMAN CENGIZ,0
668,JR CLYDE,0
678,TURK CIHAN,0
685,AYDUZ DAVUT,0
699,DUNDAR DERYA,0
708,KARATAS DURA,0
711,OZCAN DURDU,0
714,BUNARCIOGLU DURMUS,0
715,TATLIOGLU DURMUS,0
721,CAKIRCA DUZGUN,0
724,ER DILEK,0
726,SELEK DILEK,0
742,IRKICATAL EFTAL,0
745,DEMIR EKREM,0
751,UZGEL ELCIN,0
757,GOZEMIR ELIF,0
758,GULTURK ELIF,0
762,KILICBEYLI ELIFE,0
763,BOZKURT ELIFE,0
771,GUNOK EMRAH,0
774,OZBUGUTU EMRAH,0
784,CAVDAR EMRE,0
788,KARA EMIN,0
803,PANCAR EMINE,0
811,DOGAN ENFEL,0
815,DELICE ENGIN,0
817,YAZICI ENGIN,0
825,TOPCU ERAL,0
826,EKICI ERAN,0
828,ARI ERCAN,0
834,SUNGER ERCAN,0
839,ABDULHAKIMOGULLARI ERDAL,0
843,BIBER ERDAL,0
849,GISI ERDAL,0
856,OZSUNAR ERDAL,0
862,SAGLAM ERDL,0
863,ARI ERDOGAN,0
864,BOZ ERDOGAN,0
870,OZEL ERDOGAN,0
874,AKSU EREN,0
886,KELESOGLU ERHAN,0
887,METIN ERHAN,0
897,KAVAS ERKAN,0
906,GENC ERNUR,0
911,CELIK EROL,0
917,ERKAN ERSIN,0
919,KARAPAZARLIOGLU ERSIN,0
922,BESE ERTAN,0
924,ERSOY ERTAN,0
927,ACARTURK ERTUGRUL,0
935,BAKIR ESENGUL,0
936,KARAKAS ESER,0
937,BOZKURT ESHABIL,0
940,UGURLU ESMA,0
960,AYYILDIZ EYUP,0
974,BAGIRCI FARUK,0
981,OZ FARUK,0
989,KILICER FATMA,0
992,NIYAZIOGLU FATMA,0
999,AY FATIH,0
1015,KARAOSMANOGLU FATIH,0
1018,KIRAC FATIH,0
1027,DURAN FATIH,0
1032,YAR FATIH,0
1041,CERMIK FATIH,0
1043,COMEZ FATIH,0
1052,SENOL FAZIL,0
1053,OMUR FAIK,0
1054,AKIN FEHMI,0
1055,AKCABAY FEHMIYE,0
1058,BULBUL FERDI,0
1060,KARABUGA FERHAN,0
1063,OZGEN FERHAT,0
1068,ENSAR FERHAT,0
1071,OZMAN FERHAT,0
1080,YILDIZ FEYYAZ,0
1082,EKSI FEYZETTIN,0
1085,CELIK FIRAT,0
1090,OZDINC FUAT,0
1094,CATIR FULYA,0
1096,BIRDAL FURKAN,0
1101,SELIMOGLU FIGEN,0
1103,ELMA FIKRET,0
1106,MAZI FIKRET,0
1113,IYIDIL FILIZ,0
1114,CETIN FIRDEVS,0
1117,CAG GALIP,0
1118,YUCEL GERCEK,0
1119,OZKUK GOKAN,0
1126,OZDAMAR GOKHAN,0
1131,DEMIR GOZDE,0
1136,YUCEKAYA GULAY,0
1142,KOKEN GULEN,0
1145,TOK GULER,0
1150,ADAKLI GULSEREN,0
1156,KAYIKCI GULSEN,0
1157,KURSUN GUNAL,0
1158,ASAN GUNES,0
1162,BAHADIR GURHAN,0
1170,MERIC GURSOY,0
1173,SEKER GUVEN,0
1176,OZDEMIR HABIB,0
1181,TASPINAR HACI,0
1183,ATA HACI,0
1186,SOY HACI,0
1190,TASCI HACI,0
1200,ALTUN HAKAN,0
1202,BAKAN HAKAN,0
1209,DEMIRBOGA HAKAN,0
1211,DEGIRMENCI HAKAN,0
1217,MERTCAN HAKAN,0
1233,OZKOKELI HAKAN,0
1237,FINDIK HAKKI,0
1245,AKMAN HALIL,0
1248,BILECEN HALIL,0
1253,UCAL HALIL,0
1263,OKUTAN HALIL,0
1264,TANC HALIL,0
1271,AKBULUT HALIM,0
1272,KORUCU HALIM,0
1273,NALIN HALIME,0
1281,KAMCI HAMDI,0
1284,TOSUN HAMZA,0
1285,UZUM HAMZA,0
1287,MERMERKAYA HAMIT,0
1289,PALABIYIK HAMIT,0
1294,TOPAL HANIFE,0
1331,ELLEK HASAN,0
1335,ERCELIK HASAN,0
1339,ULUTIN HASAN,0
1343,KOSGER HASAN,0
1346,CALI HASAN,0
1351,KALA HASAN,0
1354,KARACAN HASAN,0
1367,YILDI HASAN,0
1370,CANKAYA HASAN,0
1371,CEVIKOGLU HASAN,0
1376,IBICIOGLU HASAN,0
1378,ASLAN HASBI,0
1383,AKIN HATICE,0
1385,SEZAN HATICE,0
1386,TEBER HATICE,0
1388,YESILDAL HATICE,0
1394,YILMAZ HAUDAI,0
1396,SAHIN HAVANUR,0
1398,KOCA HAVVA,0
1407,TUNCEL HAYRETTIN,0
1413,DAVAS HEDIYE,0
1416,HATIPOGLU HURISEL,0
1417,CAN HUDAYI,0
1420,ELIBUYUK HULYA,0
1421,GOKNAR HULYA,0
1425,BURUCU HUMEYRA,0
1427,BICICI HUR,0
1428,AKYUZOGLU HUSEYIN,0
1431,ALPSOY HUSEYIN,0
1436,BARGAN HUSEYIN,0
1441,KAYHAN HUSEYIN,0
1444,CINOGLU HUSEYIN,0
1446,ERISIK HUSEYIN,0
1448,ERTUC HUSEYIN,0
1474,GONEL HUSEIN,0
1477,BAKKAL HIDAYET,0
1479,CIGLIK HIKMET,0
1484,KIRLIOGLU HILMI,0
1494,ALPER KADIR,0
1496,BASER KADIR,0
1500,GUMRAH KADIR,0
1503,KIRKBOGA KADIR,0
1504,PAKSOY KADIR,0
1506,TAN KADIR,0
1508,TUZLAK KADIR,0
1523,KARAGOZ KASIM,0
1525,CAGLAYA KASIM,0
1530,SARICI KAZIM,0
1536,BASLAR KEMAL,0
1545,BULUT KENAN,0
1548,KAYISIZ KENAN,0
1560,LORDOGLU KUVVET,0
1562,GULTEKIN KUBRA,0
1570,KAHVECI KUCUK,0
1571,AKYUZ LATIFE,0
1572,CANTEK LAIKA,0
1573,AKIN LEMI,0
1578,AKTURK LEVENT,0
1583,UNSALDI LEVENT,0
1585,SIMSEK LEVENT,0
1586,UNAL LEYLA,0
1588,RATHKE LEYLA,0
1591,ERDEMIR LOKMAN,0
1597,YAVUZ LUTFULLAH,0
1600,OZCAN LUTFI,0
1603,KAYA LILUFER,0
1605,ERCEVAHIR MACIT,0
1606,BASTURK MAHMET,0
1611,AYPEK MAHMUT,0
1612,BIRGUN MAHMUT,0
1613,BUYUKBOZDUGAN MAHMUT,0
1615,DAGLI MAHMUT,0
1625,ZKAN MAHMUT,0
1627,ULESIN MAHMUT,0
1628,INANC MAHMUT,0
1637,PAKDEMIRLI MEFKURE,0
1647,KILAVUZ MEHMET,0
1652,CUKURCAYIR MEHMET,0
1669,BUYUKGUCLU MEHMET,0
1671,AYAN MEHMET,0
1673,ACAT MEHMET,0
1677,BASOREN MEHMET,0
1683,CENGIL MEHMET,0
1687,UNIVERSITYER MEHMET,0
1696,CAMAN MEHMET,0
1712,ESGIN MEHMET,0
1714,CATAL MEHMET,0
1729,TETIN MEHMET,0
1739,KIZILCI MEHMET,0
1741,HAZAR MEHMET,0
1744,KABACIK MEHMET,0
1754,KAYGANA MEHMET,0
1758,KIDIR MEHMET,0
1772,NAM MEHMET,0
1779,PENCECIOGLU MEHMET,0
1782,BURUNGUZ MEHMET,0
1786,ARBATLI MEHMET,0
1796,TERZI MEHMET,0
1798,GULSOY MEHMET,0
1799,TOK MEHMET,0
1801,TURMUS MEHMET,0
1808,UMRUL MEHMET,0
1828,CARDAK MEHMET,0
1844,ILI MEHMET,0
1854,YIGIN MEHTAP,0
1855,GURGEN MELAHAT,0
1856,YAMAN MELDA,0
1865,BAKIRCI MELIKE,0
1869,KILDIRAN MENDERES,0
1872,CAMCI MERAL,0
1873,GURBUZ MERAL,0
1874,SERVI MERAL,0
1878,SEKER MERYAM,0
1880,ERYILMAZ MESUR,0
1881,ALBEN MESUT,0
1884,ERDAL MESUT,0
1888,HAZIR MESUT,0
1891,KOAN MESUT,0
1893,KARAYEL METE,0
1897,ALTIOK METIN,0
1903,GULER METIN,0
1906,MERIC METIN,0
1912,TUNC MEVLUNT,0
1914,DEMIROZU MEVLUT,0
1921,YILMAZ MHMET,0
1922,OZKAN MUAMMED,0
1926,GUL MUAMMER,0
1930,OZTURK MUAMMER,0
1933,CETINER MUAZZEZ,0
1937,ERCETIN MUHAMMED,0
1938,ATILA MUHAMMED,0
1940,KIZILTUNC MUHAMMED,0
1941,OZLEN MUHAMMED,0
1944,SARIKAYA MUHAMMED,0
1945,BAYINDIR MUHAMMED,0
1946,KIR MUHAMMED,0
1957,ALKAYIS MUHAMMET,0
1958,GENC MUHAMMET,0
1959,CINSDIKICI MUHAMMET,0
1963,KUZUBAS MUHAMMET,0
1966,SERVI MUHAMMET,0
1973,AKSU MUHARREM,0
1977,GENCTURK MUHARREM,0
1987,SAVAS MUHMMET,0
1992,AKUL MUHITTIN,0
1993,KARAKAYA MUHITTIN,0
1997,ATIK MURAT,0
2033,KUCUKTUFEKCI MURAT,0
2034,KIRACI MURAT,0
2037,ORTANCA MURAT,0
2045,SEYMEN MURAT,0
2046,TURNA MURAT,0
2058,CELEBI MURAT,0
2063,OZBAY MURAT,0
2073,KOSE MURTAZA,0
2075,AKCE MUSA,0
2078,GUNAY MUSA,0
2080,GULCUR MUSA,0
2082,YIGIN MUSA,0
2086,OKSUZ MUSA,0
2088,YUCE MUSAFA,0
2096,AKDEMIR MUSTAFA,0
2099,BAYTAR MUSTAFA,0
2105,KARACADAG MUSTAFA,0
2108,HOSCOSKUN MUSTAFA,0
2117,DURMAN MUSTAFA,0
2131,ERTAN MUSTAFA,0
2133,HOPAC MUSTAFA,0
2134,HOTAMISLI MUSTAFA,0
2145,KAVACIK MUSTAFA,0
2146,KAYIK MUSTAFA,0
2157,KURUL MUSTAFA,0
2161,KUCUKONER MUSTAFA,0
2166,MENCUTEKIN MUSTAFA,0
2170,MUJDECI MUSTAFA,0
2172,OBAY MUSTAFA,0
2173,OFLAZ MUSTAFA,0
2175,SINEMILLIOGLU MUSTAFA,0
2177,SARICA MUSTAFA,0
2211,YURTTUTAR MUSTAFA,0
2212,ZINCIRKIRAN MUSTAFA,0
2215,CEKER MUSTAFA,0
2231,SENGUN MUSTAFA,0
2233,ADAK MUTLU,0
2243,ARPACI MUCAHIT,0
2247,OZDEMIR MUKERREM,0
2248,GURE MULAYIM,0
2250,AKMAZ MUNTEHA,0
2251,CERRAHOGLU MUNIR,0
2252,KARABEKIR MUNIRE,0
2253,AKYUZ MURSEL,0
2254,ATA MURSEL,0
2256,GURSES MURSEL,0
2259,DEMIR MUSLIM,0
2261,ALTAN MIKAIL,0
2271,KARKINER NADIDE,0
2274,ARSLAN NAGEHAN,0
2278,KARABIBER NAMIK,0
2280,AYDN NASUHI,0
2282,ISLAM NAZIR,0
2283,ATASOY NAZMI,0
2289,BILMEDI NAIF,0
2290,GUNEY NAIL,0
2291,BILGIN NCEDET,0
2296,SALTEK NECDET,0
2297,ERTURK NECLA,0
2298,AYDIN NECMEDDIN,0
2301,PENABGUL NECMETTIN,0
2305,DEMIRCI NEDRET,0
2306,ELMAS NEDRET,0
2307,TEIK NEDIM,0
2308,KARAKAYA NEJDET,0
2315,BARUT NESLI,0
2318,KADIKOYLU NESLIHAN,0
2321,ANDIRAN NESIBI,0
2322,KARABULUT NEVZA,0
2327,ONDUL NEZIHA,0
2331,YILDIZ NUERTTIN,0
2334,OZEN NUMAN,0
2338,MEMIS NURAY,0
2340,ATA NURCAN,0
2343,TOMBAK NURDOGAN,0
2344,VAN NUREDDIN,0
2346,BILGEN NURETTIN,0
2348,ISMAN NURETTIN,0
2350,SAVAS NURETTIN,0
2352,OZKOKELI NURETTIN,0
2353,OZTURK NURETTIN,0
2363,ALTUN NURULLAH,0
2366,KAYISOGLU NURULLAH,0
2368,TABAKCI NURULLAH,0
2369,AYDOGDU NURI,0
2373,COLAK NUSRET,0
2377,YAZILITAS NIHAT,0
2383,LODOGLU NILAY,0
2386,ERDEM NILGUN,0
2387,KILINC NILGUN,0
2389,KOCA NILUFER,0
2401,HATIPOGLU OKTAY,0
2403,OKSUZLER OKTAY,0
2413,ADIGUZEL ORHAN,0
2419,FILIZ ORHAN,0
2421,GUNAY ORHAN,0
2425,SARIKAYA ORHAN,0
2429,CELTIKCI ORHAN,0
2433,ALKILINC ORUC,0
2436,BARAK OSMAN,0
2443,EGRI OSMAN,0
2447,LEBLEBICIOGLU OSMAN,0
2448,KABAKCILI OSMAN,0
2451,ORAL OSMAN,0
2455,TOPAC OSMAN,0
2461,ULKER OSMAN,0
2464,SISMAN OSMAN,0
2465,SARI OYA,0
2471,CINCIOGLU OGUZ,0
2474,KAYMAKCI OGUZ,0
2480,BAYRAM PARVANA,0
2481,YALCINOGLU PELIN,0
2482,ULUS PERVIN,0
2484,ECEVITOGLU PINAR,0
2487,BALCI RAMAZAN,0
2489,BOZKURT RAMAZAN,0
2491,DERDIMAN RAMAZAN,0
2493,DURAN RAMAZAN,0
2494,GULENDAM RAMAZAN,0
2496,GUNAY RAMAZAN,0
2501,KILICARSLAN RAMAZAN,0
2512,ZENGIN RAMAZAN,0
2515,SANLI RAMAZAN,0
2516,PARMAKSIZ RAMAZAN,0
2517,AKKAYA RANA,0
2524,ERSOY RASIT,0
2533,DUZGUN RECEP,0
2542,VARDI RECEP,0
2544,OZTAS RECEP,0
2554,UNLU RESAT,0
2557,SAY RIDAVN,0
2558,BAYIRLI RIDVAN,0
2559,CITIL RIDVAN,0
2562,BAGCI RIZA,0
2568,LACINER SAADET,0
2569,KEKLIK SAADETIN,0
2570,EYIGUN SABRI,0
2577,SARI SADETTIN,0
2580,UCAR SADIK,0
2592,SEYHAN SALIH,0
2600,OZ SALIH,0
2610,KARAHAN SAMI,0
2614,ALPAY SAVAS,0
2615,ACIKKAYA SAVAS,0
2618,KURT SAVAS,0
2621,ALMA SAIDE,0
2622,ARI SAIM,0
2629,AKKAYA SEBAHAT,0
2634,TAS SEBAHATTIN,0
2635,CELIK SEBAT,0
2637,AZAKLI SEDA,0
2638,BOZGIL SEDA,0
2646,KILINCASLAN SEDAT,0
2652,BAYHAN SEDEN,0
2653,AKKUCUK SEECKIN,0
2656,SEKIN SEFA,0
2658,KULA SEHER,0
2663,CITCI SELAHATTIN,0
2665,DUMAN SELAMI,0
2666,DUMAN SELAMI,0
2667,ERDOGAN SELEME,0
2691,ERGUL SELIM,0
2692,TOKMAK SELIM,0
2696,OZEN SELIM,0
2697,KORTUNAY SEMRA,0
2702,CEKIC SEMIN,0
2728,ERCAN SERHAT,0
2733,BAYRAKTAROGLU SERKAN,0
2745,ALTAY SERPIL,0
2746,KOCAMAN SERPIL,0
2750,BULDUK SEVDA,0
2755,OZEN SEVILAY,0
2759,TURKMEN SEYFULLAH,0
2761,SARGIN SEYIT,0
2763,DELIDUMAN SEYITHAN,0
2764,CAKMAK SEYITHAN,0
2773,KUTSAL SIDDIK,0
2780,GIREN SONGUL,0
2781,ACAR SRDAR,0
2784,SOYDEMIR SUAT,0
2790,SACAN SUNAY,0
2798,ZOROGLU SULEMAN,0
2804,BOREKCI SULEYMAN,0
2822,TERZIOGLU SULEYMAN,0
2823,SIVRI SULEYMAN,0
2825,ULUTURK SULEYMAN,0
2832,IC SULEYMAN,0
2835,BAHSI SUMEYYE,0
2836,KARACABEY SUREYYA,0
2837,UNAL SUZAN,0
2844,SARISOY SINAN,0
2851,CIFTCI SINAN,0
2852,CITCI SINAN,0
2855,GOKCESID SINEM,0
2861,DELICAY TAHSIN,0
2867,OZKAN TAHIR,0
2868,ARTUN TALAT,0
2881,KOC TAYLAN,0
2882,KARGIN TAYYIBE,0
2888,DEMIREL TEOMAN,0
2892,ONGAN TEVFIK,0
2902,EJDER TUBA,0
2905,TEMEL TUBA,0
2910,OZGISI TUNCA,0
2912,DURNA TUNCAY,0
2916,KILIC TUNCER,0
2925,CELEB TURAN,0
2930,UNIVERSITYER TURGAY,0
2932,GOKSU TURGUT,0
2935,GULSAR TUGBA,0
2939,YENICERI TULAY,0
2941,SAGLAM TULIN,0
2952,CAGATAY ULUC,0
2960,BAYTUN UGUR,0
2966,KARAAGAC UGUR,0
2975,OVACI VAHAP,0
2977,AYTEKIN VAHIT,0
2979,TANE VAHIT,0
2980,ARSLAN VASFI,0
2986,OZCAN VEDAT,0
2987,KARTALCIK VEDAT,0
2988,LACINER VEDAT,0
2991,AKSOY VELI,0
2996,KARAGOZ VELI,0
2997,MERT VELI,0
3004,ASOGLU VEYSEL,0
3008,ERGIN VEYSEL,0
3010,NARGUL VEYSEL,0
3014,ERTURK VOLKAN,0
3020,YASAR YAHYA,0
3024,GONEN YAKUP,0
3030,BAY YALCIN,0
3037,KAYMAKCI YASEMIN,0
3038,GULUM YASEMIN,0
3044,OZGUN YASEMIN,0
3046,ASLAN YASIN,0
3052,KIRILMIS YASIN,0
3056,YAYLAR YASIN,0
3073,USLU YASAR,0
3077,ACLAN YENER,0
3078,OZTURK YENER,0
3079,CEKICEL YESIM,0
3084,AKYUZ YILMAZ,0
3096,AYATA YUNUS,0
3098,EKIN YUNUS,0
3099,UCAN YUNUS,0
3108,KARACA YUNIS,0
3115,DENIZ YUSUF,0
3116,ESER YUSUF,0
3119,KARAASLAN YUSUF,0
3124,MACIT YUSUF,0
3126,PACAL YUSUF,0
3127,SAGIR YUSUF,0
3130,SOYUPEK YUSUF,0
3132,TIRASCI YUSUF,0
3140,CETINDAG YUSUF,0
3142,OZCOBAN YUSUF,0
3144,SAHHIN YUSUF,0
3145,ASLAN YUCE,0
3148,DEMIRER YUCEL,0
3158,SAYAN YUKSEL,0
3162,ACER ZABIT,0
3165,AYVAZ ZAFER,0
3167,GURLER ZAFER,0
3168,GUZEY ZAFER,0
3174,GUL ZAKIR,0
3176,EDISAN ZEHRA,0
3182,SENGUL ZEHRA,0
3189,DEMIRCI ZEKI,0
3190,HALIS ZEKI,0
3198,ACAR ZELIHA,0
3199,ETOZ ZELIHA,0
3204,INCI ZERIFE,0
3205,BARKOT ZEYNEP,0
3206,HATTATOGLU ZEYNEP,0
3211,AKKILIK ZEYNEP,0
3224,SEN ZIYA,0
3225,AKTOP ZIYAEDDEIN,0
3233,VEYSAL CETIN,0
3235,ATALAY CISE,0
3251,OZEKEN OMER,0
3253,FARUKNOYAN OMER,0
3261,SOLAK OMER,0
3263,ULUKAPI OMER,0
3296,ARPACI OZGUR,0
3298,ERAKKUS OZGUR,0
3299,KARABAG OZGUR,0
3300,MUFTUOGLU OZGUR,0
3305,ILDES OZGUR,0
3316,FEDAI OZLEM,0
3325,KARAKOYUN OZUR,0
3350,BILIR UNAL,0
3353,ZAL UNAL,0
3381,KIR IBRAHIM,0
3386,ARDIC IBRAHIM,0
3402,IBRAHIMORUNG IBRAHIMORUNG,0
3403,KUCUKKIRCA ICLAL,0
3407,ERDEM IDRIS,0
3408,SARI IDRIS,0
3415,BIRECIKLI IHSAN,0
3422,CACAN IHSAN,0
3427,EGE ILHAMI,0
3431,BOLUKOGLU ILHAN,0
3434,KACIRE ILHAN,0
3438,TOPUZ ILHAN,0
3444,AYDINKAYA ILKER,0
3447,DEMIR IMDAT,0
3448,AKMAN INCI,0
3450,ATESOGLU IRFAN,0
3456,KUSCU IRFAN,0
3457,MUKUL IRFAN,0
3462,BALDEMIR ISA,0
3463,DONER ISA,0
3464,SIYPAK ISA,0
3465,TASDELEN ISHAK,0
3470,AKTAR ISMAIL,0
3472,ALTUNCU ISMAIL,0
3473,ARSEL ISMAIL,0
3486,GULCU ISMAIL,0
3496,MANGALTEPE ISMAIL,0
3501,ULUTAS ISMAIL,0
3503,VANLI ISMAIL,0
3515,BINER ISMET,0
3520,SANLI ISMET,0
3523,LOFCA IZZET,0
3526,TEZCAN SABAN,0
3528,AYDIN SADI,0
3529,BARANOGLU SAHIN,0
3530,BATMAZ SAKIR,0
3535,ULUSAL SEMSETTIN,0
3539,ULUDAG SENER,0
3540,CELIK SENGUL,0
3548,POYRAZ SEREF,0
3551,TUNA SERIF,0
3554,ALTINDAG SERIFE,0
3555,OZLEN SERIFE,0
3559,TUYLUOGLU SEVKET,0
3562,YAVUZ SEYMA,0
3570,KILIC SUKRU,0
3574,KARADAS SUKRIYE,0
